Name,IsLastYear,InLastTeam,Transfer,Year,Team,Age,Position,Games,PA,AtBats,R,H,2BH,3BH,HR,루타수,RBI,SB,CS,BB,HBP,IW,SO,DoublePlay,SacHit,SF,BA,OBP,SLG,OPS,wOBA,wRCplus,WPA,Salary,BattingRAA,StealingRAA,BRRAA,offtotRAA,DefenseRAA,PosRAA,deftotRAA,RAAadj,totRAA,repRun,RAR,RPW,WAA,WARBat,WAROff,WARStar,dWAA,WAR
강구성,FALSE,FALSE,N,2015,NC,22,,4,5,5,0,1,1,0,0,2,0,0,0,0,0,0,0,0,0,0,0.2,0.2,0.4,0.6,0.254,35.3,0.17,"2,700",-0.4,0,0,-0.5,0,0,0,-0.4,-0.4,0.3,-0.2,10.69,0,-0.02,-0.02,-0.02,0,-0.02
강구성,FALSE,FALSE,N,2016,NC,23,DH,2,3,3,0,0,0,0,0,0,0,0,0,0,0,0,1,0,0,0,0,0,0,0,0,-133.8,0,"2,700",-1,0,0,-1,0.2,-0.1,0.1,-0.8,-0.9,0.2,-0.7,10.85,-0.1,-0.08,-0.08,-0.08,0.01,-0.07
강구성,FALSE,FALSE,N,2017,NC,24,,1,1,1,0,0,0,0,0,0,0,0,0,0,0,0,1,0,0,0,0,0,0,0,0,,-0.01,"2,700",0,0,0,0,0,0,0,0,0,0.1,0.1,10.87,0,0,0,0,0,0
강구성,TRUE,FALSE,N,2018,NC,25,,4,5,5,0,1,1,0,0,2,1,0,0,0,0,0,3,0,0,0,0.2,0.2,0.4,0.6,0.248,36.5,-0.12,"2,700",-0.4,0,0,-0.4,0,0,0,-0.4,-0.5,0.3,-0.2,11.1,0,-0.02,-0.02,-0.02,0,-0.02
김사훈,FALSE,TRUE,N,2012,롯데,25,C,17,15,15,0,4,1,0,0,5,2,0,0,0,0,0,7,0,0,0,0.267,0.267,0.333,0.6,0.281,69.8,,,-0.5,0,-0.1,-0.5,0,0.3,0.3,-0.5,-0.3,0.7,0.4,9.17,0,0.02,0.02,0.05,0,0.05
김사훈,FALSE,TRUE,N,2013,롯데,26,C,17,35,29,2,3,1,0,0,4,1,0,0,4,1,0,8,1,1,0,0.103,0.235,0.138,0.373,0.198,3.5,,"2,700",-4,0,-0.1,-4.2,0,0.7,0.7,-4.2,-3.4,1.7,-1.7,9.97,-0.3,-0.23,-0.24,-0.17,0,-0.17
김사훈,FALSE,TRUE,N,2014,롯데,27,C,4,3,3,0,1,0,0,0,1,1,0,0,0,0,0,1,0,0,0,0.333,0.333,0.333,0.667,0.313,76.6,0.04,"2,900",-0.1,0,0,-0.1,-0.2,0,-0.1,-0.3,-0.2,0.2,-0.1,11.41,0,0.01,0.01,0.01,-0.01,0
김사훈,FALSE,TRUE,N,2016,롯데,29,C,19,36,28,5,9,1,0,0,10,4,0,0,3,0,0,6,1,5,0,0.321,0.387,0.357,0.744,0.307,68,-0.05,"2,900",-1.6,0,-0.9,-2.5,-0.7,1,0.2,-3.2,-2.2,2.1,-0.2,11.2,-0.2,0,-0.07,0.02,-0.06,-0.05
김사훈,FALSE,TRUE,N,2017,롯데,30,C,57,89,76,1,14,3,0,0,17,8,1,0,6,1,0,21,2,5,1,0.184,0.25,0.224,0.474,0.215,10.6,-0.97,"2,900",-10.8,0.2,0,-10.6,-1.3,2.2,0.9,-11.9,-9.7,4.9,-4.8,10.75,-0.9,-0.64,-0.61,-0.41,-0.12,-0.53
김사훈,FALSE,TRUE,N,2018,롯데,31,C,56,79,74,7,17,3,0,0,20,6,0,0,1,1,0,22,0,3,0,0.23,0.25,0.27,0.52,0.229,20.3,-0.69,"4,000",-8.9,0,-1.2,-10,-2.2,2.2,0.1,-12.2,-10,4.5,-5.5,11.08,-0.9,-0.47,-0.58,-0.38,-0.19,-0.57
김사훈,TRUE,TRUE,N,2019,롯데,32,C,3,1,1,0,0,0,0,0,0,0,0,0,0,0,0,0,0,0,0,0,0,0,0,0,-127.2,-0.03,,-0.3,0,0,-0.3,0,0,0.1,-0.2,-0.2,0,-0.1,9.62,0,-0.02,-0.02,-0.02,0,-0.02
김재율,FALSE,TRUE,N,2011,LG,22,1B,25,28,24,2,6,2,0,0,8,4,0,0,4,0,0,7,2,0,0,0.25,0.357,0.333,0.691,0.336,100.2,,,0,0,-0.2,-0.2,0,-0.6,-0.6,-0.2,-0.8,1.4,0.6,9.8,-0.1,0.14,0.12,0.06,0,0.06
김재율,FALSE,TRUE,N,2012,LG,23,3B,19,41,36,3,3,0,0,1,6,5,0,0,4,0,0,10,1,0,1,0.083,0.171,0.167,0.337,0.17,-8.5,,,-4.8,0,-0.1,-4.9,0,0.2,0.2,-4.9,-4.7,1.9,-2.9,9.17,-0.5,-0.32,-0.33,-0.31,0,-0.31
김재율,FALSE,TRUE,N,2015,LG,26,1B,1,3,3,0,0,0,0,0,0,0,0,0,0,0,0,0,0,0,0,0,0,0,0,0,-132.4,-0.1,2900,-0.9,0,0,-0.9,-0.6,-0.1,-0.7,-1.5,-1.6,0.2,-1.4,10.54,-0.2,-0.08,-0.08,-0.08,-0.06,-0.14
김재율,FALSE,TRUE,N,2017,LG,28,1B,75,198,181,21,55,9,0,6,82,28,0,1,10,2,0,35,8,4,1,0.304,0.345,0.453,0.798,0.347,103.9,-0.1,2900,0.9,-0.3,0,0.6,1.7,-2.8,-1.1,2.3,-0.5,10.9,10.4,10.86,0,0.91,0.88,0.62,0.16,0.78
김재율,FALSE,TRUE,N,2018,LG,29,1B,25,41,36,5,8,3,0,0,11,3,0,0,3,2,0,9,1,0,0,0.222,0.317,0.306,0.623,0.293,64,-0.1,6800,-2.1,0,0,-2.1,1.1,-0.8,0.3,-0.9,-1.7,2.3,0.6,11.09,-0.2,-0.02,-0.01,-0.09,0.1,0.02
김재율,TRUE,TRUE,N,2019,LG,30,3B,4,9,9,0,1,0,0,0,1,0,0,0,0,0,0,0,0,0,0,0.111,0.111,0.111,0.222,0.105,-56,-0.18,,-1.7,0,0,-1.7,-0.3,0,-0.3,-2,-2,0.4,-1.5,9.44,-0.2,-0.14,-0.14,-0.13,-0.04,-0.17
김주형,FALSE,TRUE,N,2004,KIA,19,,47,83,74,7,12,2,0,2,20,8,0,1,6,0,0,17,0,0,3,0.162,0.217,0.27,0.487,0.224,22.6,,,-7.8,-0.4,-0.1,-8.2,0,0,0,-8.2,-8.2,4.2,-4.1,10.03,-0.8,-0.36,-0.4,-0.4,0,-0.4
김주형,FALSE,TRUE,N,2005,KIA,20,,39,114,99,6,17,3,0,0,20,6,0,0,9,4,1,25,3,2,0,0.172,0.268,0.202,0.47,0.229,29.2,,2200,-9.6,0,-0.5,-10.1,0,0,0,-10.1,-10.1,5.6,-4.5,9.88,-1,-0.4,-0.45,-0.45,0,-0.45
김주형,FALSE,TRUE,N,2006,KIA,21,,34,55,52,8,14,5,0,2,25,6,0,0,2,1,0,17,2,0,0,0.269,0.309,0.481,0.79,0.362,130.1,,2200,1.7,0,-0.2,1.5,0,0,0,1.5,1.5,2.5,4,8.92,0.2,0.47,0.44,0.44,0,0.44
김주형,FALSE,TRUE,N,2007,KIA,22,1B,36,120,108,14,25,7,0,6,50,16,1,1,5,4,0,30,3,2,1,0.231,0.288,0.463,0.751,0.334,103,,2500,0.4,-0.2,-0.3,-0.1,0,-2.4,-2.4,-0.1,-2.5,5.6,3.2,9.41,-0.3,0.64,0.59,0.34,0,0.34
김주형,FALSE,TRUE,N,2008,KIA,23,3B,62,156,146,10,33,8,0,2,47,12,0,1,5,3,0,30,3,0,2,0.226,0.263,0.322,0.585,0.274,58.2,,2500,-7.5,-0.5,-0.5,-8.5,0,0.6,0.6,-8.5,-7.9,7.6,-0.3,9.73,-0.8,0,-0.09,-0.03,0,-0.03
김주형,FALSE,TRUE,N,2011,KIA,26,1B,88,300,271,23,54,14,0,9,95,40,1,0,17,4,0,71,6,7,1,0.199,0.256,0.351,0.607,0.275,58.9,,2500,-14.5,0.2,-0.8,-15.1,0,-6.1,-6.1,-15.1,-21.2,14.7,-6.5,9.8,-2.2,0.02,-0.04,-0.66,0,-0.66
김주형,FALSE,TRUE,N,2012,KIA,27,1B,56,129,117,8,18,2,0,3,29,12,0,0,6,1,0,35,0,3,2,0.154,0.198,0.248,0.446,0.207,16.8,,4500,-11.6,-0.1,-0.2,-11.9,0,-2.5,-2.5,-11.9,-14.3,5.9,-8.4,9.17,-1.6,-0.62,-0.65,-0.92,0,-0.92
김주형,FALSE,TRUE,N,2013,KIA,28,1B,81,279,249,27,60,8,0,9,95,34,1,0,23,3,1,54,7,0,4,0.241,0.308,0.382,0.69,0.32,84.8,,3500,-5.1,0.1,-0.9,-5.9,0,-5.8,-5.8,-5.9,-11.7,13.9,2.2,9.97,-1.2,0.89,0.8,0.22,0,0.22
김주형,FALSE,TRUE,N,2014,KIA,29,1B,64,176,151,16,37,4,0,7,62,26,0,3,17,2,0,19,3,4,2,0.245,0.326,0.411,0.736,0.323,77.4,-0.04,6100,-6.6,-1.5,-0.5,-8.5,-1.1,-1.5,-2.6,-9.7,-11.2,10,-1.1,11.41,-1,0.3,0.13,0,-0.1,-0.1
김주형,FALSE,TRUE,N,2015,KIA,30,1B,45,88,83,2,19,3,0,2,28,3,0,0,3,2,0,22,3,0,0,0.229,0.273,0.337,0.61,0.278,51.1,-0.77,5500,-5.8,0,-1.1,-6.9,-5.3,-0.7,-6,-12.2,-12.9,4.8,-8.1,10.76,-1.2,-0.17,-0.27,-0.34,-0.5,-0.83
김주형,FALSE,TRUE,N,2016,KIA,31,SS,135,387,345,43,97,16,1,19,172,49,1,2,34,6,0,55,9,1,1,0.281,0.355,0.499,0.854,0.376,110.4,0.05,5500,5.3,-0.4,2.3,7.2,-6.1,-0.9,-7,1.1,0.2,22.1,22.2,11.33,0,2.08,2.25,2.17,-0.54,1.63
김주형,FALSE,TRUE,N,2017,KIA,32,3B,57,116,106,11,18,5,0,0,23,10,0,0,8,1,0,13,5,0,1,0.17,0.233,0.217,0.45,0.215,11.4,-0.63,11000,-14,0.1,0.4,-13.5,0.2,-0.1,0.1,-13.4,-13.4,6.4,-7.1,10.69,-1.3,-0.82,-0.78,-0.79,0.01,-0.77
김주형,TRUE,TRUE,N,2018,KIA,33,3B,6,8,8,0,1,0,0,0,1,0,0,0,0,0,0,1,1,0,0,0.125,0.125,0.125,0.25,0.115,-54.6,-0.04,7500,-1.7,0,0,-1.7,-0.2,0,-0.2,-2,-2,0.5,-1.5,11,-0.2,-0.13,-0.13,-0.12,-0.02,-0.14
김지수,FALSE,TRUE,N,2009,히어로즈,23,SS,15,4,3,2,0,0,0,0,0,0,0,0,0,0,0,1,2,1,0,0,0,0,0,0,-135,,,-1.2,0,0,-1.2,0,0.1,0.1,-1.2,-1.2,0.2,-1,10.74,-0.1,-0.09,-0.09,-0.09,0,-0.09
김지수,FALSE,TRUE,N,2010,넥센,24,2B,8,6,5,1,0,0,0,0,0,0,0,0,1,0,0,0,2,0,0,0,0.167,0,0.167,0.122,-47.8,,,-1.1,0,0,-1.1,0,0,0,-1.1,-1.1,0.3,-0.8,10.47,-0.1,-0.08,-0.08,-0.08,0,-0.08
김지수,FALSE,TRUE,N,2013,넥센,27,2B,37,60,48,9,13,2,0,0,15,3,1,0,7,0,0,9,1,4,1,0.271,0.357,0.313,0.67,0.305,75.3,,2400,-1.8,0.2,-0.1,-1.7,0,0.2,0.2,-1.7,-1.4,3,1.6,9.97,-0.1,0.12,0.13,0.16,0,0.16
김지수,FALSE,TRUE,N,2014,넥센,28,SS,28,29,23,2,4,0,0,0,4,3,1,0,4,0,0,2,1,2,0,0.174,0.296,0.174,0.47,0.232,17.8,-0.19,3500,-3.4,0.2,-0.1,-3.3,0,0.4,0.4,-3.2,-2.9,1.7,-1.2,11.41,-0.3,-0.15,-0.14,-0.11,0,-0.11
김지수,FALSE,TRUE,N,2015,넥센,29,2B,104,151,132,23,31,7,0,0,38,13,2,1,9,2,0,27,2,7,1,0.235,0.292,0.288,0.58,0.261,41.2,-0.69,5500,-12,-0.1,4.3,-7.7,-6.1,0.9,-5.1,-13.8,-12.9,8.2,-4.6,10.77,-1.2,-0.48,-0.09,0,-0.56,-0.57
김지수,FALSE,TRUE,N,2016,넥센,30,2B,81,106,91,16,26,5,0,3,40,9,2,2,10,0,0,16,3,4,1,0.286,0.353,0.44,0.793,0.345,88.8,0.2,5500,-1.7,-0.5,0.3,-2,3.4,0.6,4,1.4,2,6,8.1,11.21,0.2,0.29,0.27,0.32,0.3,0.62
김지수,FALSE,TRUE,N,2017,넥센,31,2B,64,40,35,7,6,0,0,1,9,5,0,1,2,0,0,8,0,1,2,0.171,0.205,0.257,0.462,0.2,2.5,-0.06,6200,-5.3,-0.5,-1.2,-7,-0.4,0.4,0,-7.4,-7,2.2,-4.8,10.79,-0.7,-0.32,-0.48,-0.45,-0.04,-0.49
김지수,FALSE,TRUE,N,2018,넥센,32,2B,47,39,34,4,5,0,0,0,5,0,0,1,5,0,0,15,2,0,0,0.147,0.256,0.147,0.404,0.211,9.2,-0.32,6200,-5,-0.5,0.5,-5,-0.5,0.3,-0.3,-5.5,-5.2,2.2,-3,11.11,-0.5,-0.29,-0.29,-0.26,-0.05,-0.31
김지수,TRUE,TRUE,N,2019,키움,33,3B,69,32,30,3,8,2,0,0,10,3,0,0,2,0,0,7,1,0,0,0.267,0.313,0.333,0.646,0.305,80.4,-0.05,6200,-0.7,0,-0.7,-1.5,-0.7,0.3,-0.5,-2.2,-1.9,1.6,-0.4,9.69,-0.2,0.06,-0.02,0.01,-0.07,-0.07
김진곤,FALSE,TRUE,N,2015,kt,28,LF,67,87,85,11,18,1,0,0,19,6,4,2,0,1,0,20,0,1,0,0.212,0.221,0.224,0.445,0.206,2.7,0.04,3500,-11.4,-0.1,-0.3,-11.8,-1.5,-0.9,-2.4,-13.3,-14.2,4.7,-9.5,10.67,-1.3,-0.71,-0.75,-0.83,-0.14,-0.97
김진곤,FALSE,TRUE,N,2016,kt,29,,13,8,8,1,1,0,0,0,1,0,0,0,0,0,0,1,0,0,0,0.125,0.125,0.125,0.25,0.118,-57.6,-0.18,3500,-1.8,0,0.1,-1.7,-0.6,0,-0.6,-2.3,-2.2,0.5,-1.8,11.2,-0.2,-0.12,-0.12,-0.12,-0.05,-0.17
김진곤,FALSE,TRUE,N,2017,kt,30,LF,28,40,39,9,11,1,0,2,18,8,1,0,1,0,0,11,0,0,0,0.282,0.3,0.462,0.762,0.33,86.1,-0.44,3000,-0.8,0.2,0.1,-0.4,1.5,-0.4,1,1,0.6,2.2,2.8,10.82,0.1,0.09,0.13,0.09,0.14,0.22
김진곤,FALSE,TRUE,N,2018,KT,31,RF,19,23,21,4,3,1,0,0,4,0,0,2,2,0,0,3,0,0,0,0.143,0.217,0.19,0.408,0.197,-2,-0.19,3300,-3.3,-1,0.3,-4,-0.5,-0.3,-0.7,-4.5,-4.7,1.3,-3.4,11.05,-0.4,-0.2,-0.27,-0.29,-0.04,-0.33
김진곤,TRUE,TRUE,N,2019,KT,32,CF,19,34,30,4,8,2,0,0,10,6,1,1,2,0,0,8,1,2,0,0.267,0.313,0.333,0.646,0.287,67.2,0.03,3300,-1.3,-0.2,-0.6,-2.2,0.9,-0.2,0.8,-1.2,-1.4,1.7,0.3,9.57,-0.1,0,-0.09,-0.1,0.1,0
김진형,FALSE,FALSE,N,2014,두산,24,3B,28,42,38,5,9,1,0,0,10,5,0,0,3,0,0,7,0,1,0,0.237,0.293,0.263,0.556,0.262,38.3,0.28,2500,-3.7,0,0,-3.7,0.3,-0.4,0,-3.4,-3.8,2.4,-1.4,11.41,-0.3,-0.11,-0.12,-0.15,0.03,-0.12
김진형,FALSE,FALSE,N,2015,두산,25,3B,14,21,18,3,3,2,0,1,8,2,0,0,3,0,0,7,1,0,0,0.167,0.286,0.444,0.73,0.317,91.2,-0.01,3000,-0.3,0,0.5,0.3,-2,-0.1,-2.2,-1.8,-1.9,1.1,-0.8,10.9,-0.2,0.06,0.11,0.1,-0.19,-0.09
김진형,TRUE,TRUE,N,2019,NC,29,1B,11,23,20,2,3,1,0,0,4,2,0,0,0,0,0,4,1,1,2,0.15,0.136,0.2,0.336,0.139,-32.9,-0.35,,-3.6,0,-0.3,-3.8,0,-0.4,-0.4,-3.9,-4.3,1.1,-3.1,9.43,-0.5,-0.29,-0.31,-0.35,0,-0.36
문규현,FALSE,TRUE,N,2002,롯데,19,,1,1,1,0,0,0,0,0,0,0,0,0,0,0,0,0,0,0,0,0,0,0,0,0,-131.3,,,-0.3,0,0,-0.3,0,0,0,-0.3,-0.3,0,-0.2,9.95,0,-0.02,-0.02,-0.02,0,-0.02
문규현,FALSE,TRUE,N,2003,롯데,20,,17,44,40,5,8,5,0,0,13,1,0,0,1,2,0,13,0,1,0,0.2,0.256,0.325,0.581,0.26,45.5,,1900,-2.9,0,0,-2.9,0,0,0,-2.9,-2.9,2.2,-0.7,9.95,-0.3,-0.07,-0.07,-0.07,0,-0.07
문규현,FALSE,TRUE,N,2004,롯데,21,,8,3,3,0,0,0,0,0,0,0,0,1,0,0,0,2,0,0,0,0,0,0,0,0,-133.3,,2000,-0.8,-0.4,0,-1.3,0,0,0,-1.3,-1.3,0.2,-1.1,10.03,-0.1,-0.07,-0.11,-0.11,0,-0.11
문규현,FALSE,TRUE,N,2007,롯데,24,3B,25,19,18,2,1,0,0,0,1,2,0,0,0,0,0,3,0,0,1,0.056,0.053,0.056,0.108,0.05,-102.3,,2000,-4.2,0,0,-4.2,0,0.1,0.1,-4.2,-4.2,0.9,-3.3,9.41,-0.4,-0.36,-0.36,-0.35,0,-0.35
문규현,FALSE,TRUE,N,2009,롯데,26,3B,11,18,18,2,3,0,0,1,6,3,0,0,0,0,0,6,1,0,0,0.167,0.167,0.333,0.5,0.211,6.2,,2000,-2.2,0,0,-2.2,0,0.1,0.1,-2.2,-2.2,1,-1.2,10.74,-0.2,-0.12,-0.12,-0.11,0,-0.11
문규현,FALSE,TRUE,N,2010,롯데,27,SS,80,201,173,18,41,8,0,3,58,16,2,1,15,4,1,40,3,6,3,0.237,0.308,0.335,0.643,0.29,65.6,,2600,-8.8,-0.1,-0.4,-9.3,0,2.6,2.6,-9.3,-6.7,10.5,3.8,10.47,-0.6,0.16,0.11,0.36,0,0.36
문규현,FALSE,TRUE,N,2011,롯데,28,SS,125,379,327,40,79,13,3,2,104,39,5,2,28,7,0,60,4,14,3,0.242,0.312,0.318,0.63,0.291,70.5,,4200,-13.1,0.2,0.5,-12.5,0,4.6,4.6,-12.5,-7.8,18.6,10.8,9.8,-0.8,0.56,0.62,1.1,0,1.1
문규현,FALSE,TRUE,N,2012,롯데,29,SS,105,277,244,17,50,10,0,0,60,17,0,2,13,4,0,50,3,14,2,0.205,0.255,0.246,0.501,0.231,34.9,,8400,-19.5,-0.9,-0.6,-21,0,3.2,3.2,-21,-17.8,12.7,-5.1,9.17,-1.9,-0.74,-0.91,-0.56,0,-0.56
문규현,FALSE,TRUE,N,2013,롯데,30,SS,79,116,101,10,24,2,0,0,26,6,2,0,11,0,0,23,1,2,2,0.238,0.307,0.257,0.564,0.274,54.3,,9000,-6.3,0.3,-0.1,-6.1,0,1.4,1.4,-6.1,-4.7,5.8,1.1,9.97,-0.5,-0.05,-0.03,0.11,0,0.11
문규현,FALSE,TRUE,N,2014,롯데,31,SS,77,275,235,33,66,16,0,2,88,27,5,2,26,0,0,30,7,12,2,0.281,0.35,0.374,0.724,0.322,76,-0.2,6800,-9.6,0.1,-0.3,-9.9,5.6,3.5,9.1,-4.3,-0.8,15.7,14.9,11.41,-0.1,0.53,0.51,0.82,0.49,1.31
문규현,FALSE,TRUE,N,2015,롯데,32,SS,105,298,265,24,65,12,1,2,85,25,4,2,14,1,0,39,6,15,3,0.245,0.283,0.321,0.603,0.263,43.9,-1.78,3000,-22.6,-0.1,-3.5,-26.2,7.4,4,11.4,-18.8,-14.8,16.3,1.5,10.55,-1.4,-0.9,-1.24,-0.86,0.7,-0.16
문규현,FALSE,TRUE,N,2016,롯데,33,SS,120,368,316,38,86,10,0,4,108,40,2,3,29,1,0,39,10,19,2,0.272,0.333,0.342,0.675,0.301,62.9,-0.92,3000,-19.4,-0.7,1.5,-18.6,8.9,4.6,13.5,-9.7,-5.1,21,15.9,11.1,-0.5,-0.21,-0.14,0.27,0.8,1.07
문규현,FALSE,TRUE,N,2017,롯데,34,SS,110,337,304,38,82,15,2,6,119,42,2,1,10,2,1,42,10,18,3,0.27,0.295,0.391,0.686,0.286,57.9,-0.8,12000,-19.5,0.1,1.2,-18.1,-5.8,3.6,-2.2,-23.9,-20.3,18.5,-1.8,10.79,-1.9,-0.4,-0.28,0.06,-0.54,-0.48
문규현,FALSE,TRUE,N,2018,롯데,35,SS,122,349,316,42,87,19,1,6,126,41,3,1,18,0,0,45,9,9,6,0.275,0.309,0.399,0.708,0.302,68.4,-1.41,18000,-15.7,0.2,0.7,-14.8,-1.4,4.1,2.7,-16.2,-12.2,19.8,7.6,11.1,-1.1,0.04,0.12,0.48,-0.13,0.36
문규현,TRUE,TRUE,N,2019,롯데,36,3B,40,72,64,7,16,2,0,0,18,10,0,0,3,0,0,10,1,2,3,0.25,0.271,0.281,0.553,0.25,43.7,-0.5,,-4.8,0,-0.9,-5.7,-0.7,0.2,-0.5,-6.4,-6.2,3.5,-2.6,9.6,-0.6,-0.2,-0.29,-0.27,-0.08,-0.34
박정권,FALSE,TRUE,N,2004,SK,23,,24,30,28,1,5,0,0,0,5,0,0,0,2,0,0,5,0,0,0,0.179,0.233,0.179,0.412,0.206,6.9,,,-3.4,0,-0.1,-3.4,0,0,0,-3.4,-3.4,1.5,-1.9,10.03,-0.3,-0.19,-0.19,-0.19,0,-0.19
박정권,FALSE,TRUE,N,2007,SK,26,1B,100,229,208,26,46,12,2,4,74,25,2,1,15,2,2,50,5,4,0,0.221,0.28,0.356,0.636,0.288,69.4,,2000,-7.7,0,0.1,-7.6,0,-4.5,-4.5,-7.6,-12.1,10.8,-1.4,9.41,-1.3,0.32,0.33,-0.14,0,-0.14
박정권,FALSE,TRUE,N,2008,SK,27,1B,56,138,127,15,33,4,1,3,48,20,0,0,11,0,1,23,3,0,0,0.26,0.319,0.378,0.697,0.325,92.9,,4000,-1.1,-0.1,-0.3,-1.4,0,-2.8,-2.8,-1.4,-4.2,6.7,2.5,9.73,-0.4,0.57,0.54,0.25,0,0.25
박정권,FALSE,TRUE,N,2009,SK,28,1B,131,511,446,70,123,27,0,25,225,76,5,4,51,4,4,91,8,8,2,0.276,0.354,0.504,0.858,0.368,112.4,,5000,8.3,-1.1,-1.1,6.1,0,-11.4,-11.4,6.1,-5.3,27.4,22.1,10.74,-0.5,3.33,3.12,2.06,0,2.06
박정권,FALSE,TRUE,N,2010,SK,29,1B,124,505,431,76,132,19,4,18,213,76,17,5,63,5,8,89,7,2,4,0.306,0.398,0.494,0.892,0.396,136.6,,12500,23.6,1,1.3,25.9,0,-11,-11,25.9,14.8,26.4,41.3,10.47,1.4,4.78,4.99,3.94,0,3.94
박정권,FALSE,TRUE,N,2011,SK,30,1B,122,507,453,54,114,21,2,13,178,53,9,3,42,3,5,103,9,6,3,0.252,0.317,0.393,0.71,0.323,91.6,,20000,-5,0.5,-0.1,-4.5,0,-10.3,-10.3,-4.5,-14.9,24.8,10,9.8,-1.5,2.03,2.07,1.02,0,1.02
박정권,FALSE,TRUE,N,2012,SK,31,1B,122,472,416,61,106,18,1,12,162,59,4,6,43,4,2,80,7,6,3,0.255,0.328,0.389,0.718,0.332,105.8,,19500,3,-1.8,-0.6,0.5,0,-9,-9,0.5,-8.5,21.7,13.1,9.17,-0.9,2.68,2.42,1.43,0,1.43
박정권,FALSE,TRUE,N,2013,SK,32,1B,110,434,363,56,106,20,1,18,182,70,4,4,64,1,5,79,5,0,6,0.292,0.394,0.501,0.895,0.405,142.6,,20500,22.1,-1.1,-0.9,20.1,0,-9,-9,20.1,11.1,21.6,32.7,9.97,1.1,4.38,4.18,3.28,0,3.28
박정권,FALSE,TRUE,N,2014,SK,33,1B,120,499,452,81,140,33,2,27,258,109,7,9,41,2,2,106,6,0,4,0.31,0.367,0.571,0.938,0.401,130.7,3.49,23500,21.4,-3,-0.1,18.4,2.3,-10.3,-8,20.7,10.4,28.5,38.9,11.41,0.9,4.37,4.11,3.2,0.2,3.41
박정권,FALSE,TRUE,N,2015,SK,34,1B,124,494,438,66,123,23,0,21,209,70,3,3,46,4,1,119,9,4,2,0.281,0.353,0.477,0.83,0.364,113,-0.4,40000,8.3,-0.8,-0.9,6.7,6,-9.5,-3.5,12.6,3.1,27,30.1,10.79,0.3,2.83,2.67,1.79,0.55,2.35
박정권,FALSE,TRUE,N,2016,SK,35,1B,125,468,422,59,117,17,3,18,194,59,4,0,35,5,0,99,7,2,4,0.277,0.337,0.46,0.797,0.353,95.5,1.68,40000,-3.3,1.2,-1.4,-3.4,10.9,-9,1.9,7.5,-1.6,26.7,25.1,11.18,-0.1,1.66,1.64,0.84,0.97,1.81
박정권,FALSE,TRUE,N,2017,SK,36,1B,118,345,305,37,78,14,1,16,142,51,1,1,30,5,0,78,4,0,5,0.256,0.328,0.466,0.793,0.344,96.3,0.28,40000,-2,-0.1,-0.6,-2.7,2,-6.5,-4.5,-0.7,-7.2,19,11.8,10.84,-0.7,1.25,1.19,0.59,0.19,0.78
박정권,FALSE,TRUE,N,2018,SK,37,1B,14,31,29,4,5,0,0,2,11,6,0,0,2,0,0,9,0,0,0,0.172,0.226,0.379,0.605,0.256,33.8,-0.11,40000,-2.9,0,0.2,-2.7,0.5,-0.7,-0.2,-2.2,-2.9,1.8,-1.1,11.02,-0.3,-0.13,-0.11,-0.18,0.04,-0.13
박정권,TRUE,TRUE,N,2019,SK,38,1B,18,37,32,5,6,1,0,1,10,5,0,0,5,0,0,11,0,0,0,0.188,0.297,0.313,0.61,0.291,69.5,-0.63,40000,-1.3,0,0,-1.3,-1.2,-0.5,-1.7,-2.6,-3,1.8,-1.2,9.69,-0.3,0.02,0.02,-0.03,-0.13,-0.16
박준혁,FALSE,TRUE,N,2014,한화,23,LF,2,2,2,0,0,0,0,0,0,0,0,0,0,0,0,2,0,0,0,0,0,0,0,0,,-0.26,2400,0,0,0,0,-0.6,0,-0.7,-0.6,-0.7,0.1,-0.6,11.41,-0.1,0.01,0.01,0.01,-0.06,-0.05
박준혁,FALSE,TRUE,N,2016,한화,25,RF,6,9,8,3,3,2,0,0,5,3,0,0,1,0,0,2,1,0,0,0.375,0.444,0.625,1.069,0.471,173.3,0.31,2400,0.9,0,0.2,1.1,-0.5,-0.1,-0.5,0.6,0.6,0.5,1.1,11.45,0,0.12,0.13,0.13,-0.04,0.09
박준혁,FALSE,TRUE,N,2017,한화,26,RF,8,10,10,1,1,0,0,0,1,0,0,0,0,0,0,4,0,0,0,0.1,0.1,0.1,0.2,0.093,-70.3,-0.14,2900,-2.3,0,-1.1,-3.4,-0.2,-0.1,-0.3,-3.6,-3.7,0.6,-3.1,10.57,-0.3,-0.18,-0.28,-0.29,-0.02,-0.31
박준혁,FALSE,TRUE,N,2018,한화,27,RF,4,5,5,0,1,1,0,0,2,0,0,0,0,0,0,2,0,0,0,0.2,0.2,0.4,0.6,0.248,32.9,-0.09,3000,-0.5,0,0,-0.5,1.4,-0.1,1.3,0.9,0.8,0.3,1.1,10.85,0.1,-0.02,-0.02,-0.03,0.13,0.1
박준혁,TRUE,TRUE,N,2019,한화,28,LF,4,2,2,0,0,0,0,0,0,0,0,0,0,0,0,1,0,0,0,0,0,0,0,0,-127.2,0,,-0.5,0,0,-0.5,-0.3,0,-0.4,-0.9,-0.9,0.1,-0.8,9.66,-0.1,-0.05,-0.05,-0.05,-0.04,-0.08
박한이,FALSE,TRUE,N,2001,삼성,22,RF,130,501,420,77,117,25,3,13,187,61,17,9,60,12,0,60,14,9,0,0.279,0.384,0.445,0.829,0.375,116.4,,,10.8,-0.4,0.4,10.8,0,-6.7,-6.7,10.8,4,27,31,10.76,0.4,3.51,3.51,2.88,0,2.88
박한이,FALSE,TRUE,N,2002,삼성,23,LF,133,586,504,89,137,24,2,10,195,47,13,12,60,6,3,79,15,14,2,0.272,0.355,0.387,0.742,0.328,99.6,,4000,-0.3,-2.2,-0.2,-2.7,0,-7.3,-7.3,-2.7,-10,29.2,19.2,9.95,-1,2.9,2.66,1.93,0,1.93
박한이,FALSE,TRUE,N,2003,삼성,24,RF,133,612,528,113,170,34,1,12,242,59,17,7,63,8,1,55,7,8,5,0.322,0.399,0.458,0.857,0.384,131.8,,6500,23.4,1.1,0.8,25.3,0,-7.6,-7.6,25.3,17.7,30.5,48.1,9.95,1.8,5.41,5.6,4.83,0,4.83
박한이,FALSE,TRUE,N,2004,삼성,25,CF,132,587,503,81,156,26,2,16,234,63,13,9,69,5,3,57,8,7,3,0.31,0.397,0.465,0.862,0.39,133.9,,11000,24,-0.7,-0.2,23.1,0,2.5,2.5,23.1,25.6,29.5,55,10.03,2.6,5.33,5.24,5.49,0,5.49
박한이,FALSE,TRUE,N,2005,삼성,26,CF,123,551,471,62,139,21,0,9,187,59,12,10,55,9,2,51,15,12,4,0.295,0.377,0.397,0.774,0.353,113.5,,15000,8.9,-2,-1.4,5.4,0,2.3,2.3,5.4,7.7,27.2,34.9,9.88,0.8,3.65,3.31,3.53,0,3.53
박한이,FALSE,TRUE,N,2006,삼성,27,CF,126,567,471,89,134,21,2,6,177,43,15,10,80,6,4,62,11,7,3,0.285,0.393,0.376,0.769,0.36,128.9,,20000,17.1,-1.1,0.2,16.3,0,2.1,2.1,16.3,18.4,25.3,43.7,8.92,2.1,4.75,4.66,4.89,0,4.89
박한이,FALSE,TRUE,N,2007,삼성,28,CF,123,559,479,68,128,12,1,2,148,27,10,3,67,4,5,47,7,4,5,0.267,0.359,0.309,0.668,0.32,92.5,,27000,-4.6,0.7,0,-3.9,0,2.2,2.2,-3.9,-1.7,26.3,24.6,9.41,-0.2,2.3,2.38,2.61,0,2.61
박한이,FALSE,TRUE,N,2008,삼성,29,CF,104,442,370,57,117,17,2,4,150,41,5,6,63,1,1,37,6,5,3,0.316,0.414,0.405,0.82,0.386,134.4,,24300,17.6,-1.7,-0.5,15.4,0,1.8,1.8,15.4,17.2,21.5,38.7,9.73,1.8,4.02,3.79,3.98,0,3.98
박한이,FALSE,TRUE,N,2009,삼성,30,RF,110,394,334,48,104,29,2,2,143,36,7,5,50,1,2,44,7,6,3,0.311,0.4,0.428,0.828,0.373,115.4,,27000,7.9,-1.2,-0.2,6.6,0,-5.3,-5.3,6.6,1.3,21.2,22.5,10.74,0.1,2.71,2.58,2.09,0,2.09
박한이,FALSE,TRUE,N,2010,삼성,31,RF,128,470,379,64,114,21,2,11,172,63,5,4,73,3,2,54,10,10,5,0.301,0.413,0.454,0.867,0.389,131.4,,30000,18.8,-1,-0.7,17.1,0,-6.2,-6.2,17.1,11,24.6,35.6,10.47,1,4.15,3.99,3.4,0,3.4
박한이,FALSE,TRUE,N,2011,삼성,32,RF,121,506,429,77,110,19,2,4,145,30,8,2,60,5,3,88,7,10,2,0.256,0.353,0.338,0.691,0.325,93.1,,30000,-4.1,0.8,0.6,-2.7,0,-6.2,-6.2,-2.7,-8.9,24.8,15.9,9.8,-0.9,2.11,2.25,1.62,0,1.62
박한이,FALSE,TRUE,N,2012,삼성,33,RF,111,463,388,61,118,19,4,1,148,51,4,6,58,1,3,72,8,13,3,0.304,0.393,0.381,0.775,0.358,123.9,,30000,12,-1.9,0.1,10.2,0,-5.3,-5.3,10.2,4.8,21.2,26.1,9.17,0.5,3.62,3.42,2.84,0,2.84
박한이,FALSE,TRUE,N,2013,삼성,34,RF,112,466,394,56,112,12,3,6,148,55,4,4,51,1,0,74,5,18,2,0.284,0.366,0.376,0.742,0.34,98.9,,35000,-0.6,-1.1,0,-1.7,0,-5.8,-5.8,-1.7,-7.5,23.2,15.7,9.97,-0.8,2.27,2.16,1.57,0,1.57
박한이,FALSE,TRUE,N,2014,삼성,35,RF,125,567,472,83,156,22,2,9,209,80,7,6,61,5,1,74,9,24,5,0.331,0.409,0.443,0.852,0.374,108.8,2.78,45000,6.7,-1.4,-0.2,5.1,4.4,-6.1,-1.7,9.5,3.4,32.3,35.7,11.41,0.3,3.42,3.28,2.74,0.39,3.13
박한이,FALSE,TRUE,N,2015,삼성,36,RF,94,429,367,62,110,17,4,11,168,52,6,6,53,1,0,63,11,7,1,0.3,0.389,0.458,0.846,0.377,118.2,0.65,45000,10.2,-1.6,-2.7,5.9,4.8,-4.4,0.4,10.7,6.3,23.4,29.7,10.79,0.6,2.73,2.34,1.93,0.44,2.37
박한이,FALSE,TRUE,N,2016,삼성,37,RF,110,401,349,57,105,21,0,14,168,69,1,0,40,2,2,72,5,6,4,0.301,0.372,0.481,0.854,0.374,109.2,3.4,45000,4.9,0.6,-2.2,3.2,-1.1,-4.3,-5.4,2.2,-2.2,22.9,20.7,11.29,-0.2,2.1,1.96,1.57,-0.09,1.48
박한이,FALSE,TRUE,N,2017,삼성,38,LF,68,134,118,14,31,9,0,4,52,14,0,0,13,0,2,33,2,2,1,0.263,0.333,0.441,0.774,0.331,88.1,0.47,45000,-2.3,0.1,-0.1,-2.3,-2.6,-1.4,-4,-4.9,-6.3,7.4,1.1,10.87,-0.6,0.35,0.35,0.22,-0.24,-0.02
박한이,FALSE,TRUE,N,2018,삼성,39,DH,114,392,342,47,97,16,0,10,143,43,5,3,43,0,2,91,9,6,1,0.284,0.363,0.418,0.781,0.342,95.6,0.35,25000,-2.6,-0.4,0.7,-2.3,0.1,-9.3,-9.2,-2.3,-11.6,22.2,10.6,11.17,-1,1.4,1.42,0.59,0.01,0.6
박한이,TRUE,TRUE,N,2019,삼성,40,DH,30,85,74,6,19,3,0,2,28,13,0,0,9,0,0,17,0,1,1,0.257,0.333,0.378,0.712,0.327,93.9,0.32,25000,-0.6,0,-0.3,-1,-0.1,-1.5,-1.6,-1.1,-2.5,4.2,1.6,9.67,-0.3,0.29,0.25,0.1,-0.01,0.09
박헌욱,FALSE,TRUE,N,2013,NC,20,LF,2,0,0,0,0,0,0,0,0,0,0,0,0,0,0,0,0,0,0,,,,,,,,2400,0,0,0,0,0,0,0,0,0,0,0,9.97,0,0,0,0,0,0
박헌욱,FALSE,TRUE,N,2018,NC,25,CF,10,23,22,1,6,2,0,1,11,3,1,0,1,0,0,5,1,0,0,0.273,0.304,0.5,0.804,0.34,94.2,-0.1,2700,-0.2,0.2,0,0,-1.7,0.1,-1.6,-1.7,-1.6,1.3,-0.3,11.3,-0.1,0.08,0.09,0.1,-0.15,-0.05
박헌욱,TRUE,TRUE,N,2019,NC,26,CF,6,9,9,0,1,1,0,0,2,1,0,0,0,0,0,5,1,0,0,0.111,0.111,0.222,0.333,0.146,-28.9,0.03,,-1.4,0,0,-1.4,0,0,-0.1,-1.4,-1.5,0.4,-1,9.52,-0.2,-0.11,-0.11,-0.11,0,-0.12
배영섭,FALSE,FALSE,N,2010,삼성,24,CF,11,26,24,5,7,2,0,0,9,3,1,0,2,0,0,6,1,0,0,0.292,0.346,0.375,0.721,0.338,97.1,,2400,-0.1,0.2,0,0.1,0,0.1,0.1,0.1,0.2,1.4,1.5,10.47,0,0.12,0.14,0.15,0,0.15
배영섭,FALSE,FALSE,N,2011,삼성,25,CF,99,384,340,51,100,15,0,2,121,24,33,8,29,9,1,47,9,4,2,0.294,0.363,0.356,0.719,0.341,103.9,,2600,1.8,3.3,0.5,5.5,0,1.6,1.6,5.5,7.1,18.8,25.9,9.8,0.7,2.1,2.48,2.64,0,2.64
배영섭,FALSE,FALSE,N,2012,삼성,26,CF,122,479,412,64,101,15,2,2,126,34,27,6,48,9,0,69,4,7,3,0.245,0.335,0.306,0.641,0.308,88.8,,7000,-5.8,2.7,1.5,-1.6,0,1.8,1.8,-1.6,0.2,22,22.2,9.17,0,1.76,2.22,2.42,0,2.42
배영섭,FALSE,FALSE,N,2013,삼성,27,CF,113,476,393,66,116,16,4,2,146,38,23,10,52,20,1,62,9,8,3,0.295,0.402,0.372,0.773,0.368,117.7,,8500,10,0.1,1.4,11.5,0,2,2,11.5,13.5,23.7,37.2,9.97,1.4,3.39,3.53,3.73,0,3.73
배영섭,FALSE,FALSE,N,2015,삼성,29,LF,4,18,16,2,6,0,0,0,6,2,1,0,2,0,0,4,2,0,0,0.375,0.444,0.375,0.819,0.393,130.8,0.09,16000,0.7,0.2,0.2,1.2,-1.2,-0.2,-1.3,0,-0.2,1,0.8,11.2,0,0.14,0.18,0.16,-0.1,0.06
배영섭,FALSE,FALSE,N,2016,삼성,30,RF,93,381,323,53,86,17,0,4,115,22,5,8,51,5,0,42,10,1,1,0.266,0.374,0.356,0.73,0.348,92.5,-0.59,16000,-4.3,-2.5,-0.9,-7.7,1.9,-2.1,-0.2,-5.8,-7.9,21.7,13.8,11.19,-0.7,1.21,0.9,0.71,0.17,0.88
배영섭,FALSE,FALSE,N,2017,삼성,31,LF,92,244,218,39,66,11,1,6,97,26,1,0,19,3,1,44,5,3,1,0.303,0.365,0.445,0.81,0.357,106.3,-0.09,15000,1.9,0.4,-1.2,1.1,-5.7,-2.2,-7.9,-4.6,-6.8,13.4,6.6,10.92,-0.6,1.19,1.12,0.91,-0.52,0.39
배영섭,FALSE,FALSE,N,2018,삼성,32,LF,69,168,147,15,36,6,0,0,42,13,1,0,16,3,2,35,2,2,0,0.245,0.331,0.286,0.617,0.286,59.7,-0.35,13000,-9.6,0.3,1.1,-8.3,-1.5,-2.6,-4.1,-9.9,-12.4,9.5,-2.9,11.11,-1.1,-0.17,-0.05,-0.28,-0.14,-0.42
배영섭,TRUE,TRUE,Y,2019,SK,33,LF,30,80,71,5,16,1,0,0,17,7,2,0,6,2,0,15,0,0,1,0.225,0.3,0.239,0.539,0.267,54.8,0.4,13000,-4.2,0.4,0.4,-3.5,-1.7,-0.8,-2.5,-5.2,-6,3.9,-2,9.65,-0.6,-0.11,-0.03,-0.11,-0.18,-0.29
서동욱,FALSE,FALSE,N,2003,KIA,19,2B,42,48,43,5,6,0,0,0,6,2,0,1,2,1,0,23,0,1,1,0.14,0.192,0.14,0.331,0.162,-22.6,,,-7.1,-0.4,0,-7.4,0,0.2,0.2,-7.4,-7.2,2.4,-4.8,9.95,-0.7,-0.47,-0.51,-0.49,0,-0.49
서동욱,FALSE,FALSE,N,2004,KIA,20,1B,58,114,94,12,20,4,0,3,33,11,1,2,15,1,0,35,2,4,0,0.213,0.327,0.351,0.678,0.31,80,,2500,-2.8,-0.6,-0.3,-3.7,0,-2.4,-2.4,-3.7,-6,5.7,-0.3,10.03,-0.6,0.3,0.2,-0.03,0,-0.03
서동욱,FALSE,FALSE,N,2005,KIA,21,,12,7,6,0,0,0,0,0,0,0,0,0,1,0,0,5,0,0,0,0,0.143,0,0.143,0.103,-56.8,,2800,-1.3,0,0,-1.3,0,0,0,-1.3,-1.3,0.3,-1,9.88,-0.1,-0.1,-0.1,-0.1,0,-0.1
서동욱,FALSE,FALSE,Y,2008,LG,24,DH,27,82,70,9,17,1,1,3,29,9,0,0,8,4,0,23,1,0,0,0.243,0.354,0.414,0.768,0.361,118.3,,2800,1.7,0,-0.1,1.6,0,-2.3,-2.3,1.6,-0.7,4,3.3,9.73,-0.1,0.59,0.58,0.34,0,0.34
서동욱,FALSE,FALSE,N,2009,LG,25,,5,6,6,0,0,0,0,0,0,0,0,0,0,0,0,5,0,0,0,0,0,0,0,0,-138.1,,3100,-1.9,0,0,-1.9,0,0,0,-1.9,-1.9,0.3,-1.6,10.74,-0.2,-0.14,-0.14,-0.14,0,-0.14
서동욱,FALSE,FALSE,N,2010,LG,26,1B,11,47,45,5,11,1,0,2,18,4,0,0,2,0,0,15,1,0,0,0.244,0.277,0.4,0.677,0.304,74.7,,3000,-1.5,0,-0.2,-1.7,0,-1,-1,-1.7,-2.7,2.5,-0.2,10.47,-0.3,0.09,0.08,-0.02,0,-0.02
서동욱,FALSE,FALSE,N,2011,LG,27,1B,112,359,303,42,81,11,1,7,115,37,7,1,33,8,3,90,4,12,3,0.267,0.352,0.38,0.731,0.332,97.5,,3200,-1,1,0.1,0,0,-7.3,-7.3,0,-7.3,17.6,10.3,9.8,-0.7,1.69,1.8,1.05,0,1.05
서동욱,FALSE,FALSE,N,2012,LG,28,2B,103,324,273,32,59,9,3,0,74,17,3,2,32,7,1,78,7,10,2,0.216,0.312,0.271,0.583,0.278,67.4,,8500,-11.4,-0.4,0.2,-11.6,0,1.2,1.2,-11.6,-10.4,14.9,4.5,9.17,-1.1,0.38,0.35,0.49,0,0.49
서동욱,FALSE,FALSE,Y,2013,"LG,넥센",29,2B,104,265,218,27,57,12,1,6,89,21,4,2,30,3,0,52,4,12,2,0.261,0.356,0.408,0.764,0.342,100.2,,8500,0.1,-0.2,-0.2,-0.3,0,1.1,1.1,-0.3,0.8,13.2,14,9.97,0.1,1.33,1.29,1.4,0,1.4
서동욱,FALSE,FALSE,N,2014,넥센,30,LF,39,41,34,2,5,1,0,0,6,0,1,0,3,1,0,12,1,3,0,0.147,0.237,0.176,0.413,0.196,-6.2,-0.34,9000,-6.2,0.2,-0.1,-6.1,-0.5,-0.3,-0.8,-6.6,-6.8,2.3,-4.5,11.41,-0.6,-0.34,-0.33,-0.35,-0.04,-0.4
서동욱,FALSE,FALSE,N,2015,넥센,31,2B,55,118,103,14,24,5,0,3,38,15,0,0,11,3,0,45,1,1,0,0.233,0.325,0.369,0.694,0.317,77.3,-0.36,5800,-3.7,0,0.2,-3.5,0.3,-0.7,-0.4,-3.1,-3.8,6.4,2.6,10.73,-0.4,0.15,0.17,0.1,0.03,0.13
서동욱,FALSE,TRUE,Y,2016,KIA,32,2B,124,485,411,73,120,30,3,16,204,67,9,4,60,5,1,108,8,6,3,0.292,0.386,0.496,0.883,0.389,118.1,3.07,5800,11.9,0.3,0,12.2,-5.4,0.4,-5,6.9,7.3,27.7,34.9,11.36,0.6,3.07,3.1,3.13,-0.47,2.66
서동욱,FALSE,TRUE,N,2017,KIA,33,1B,125,366,319,49,90,21,1,7,134,48,1,1,33,3,0,86,5,8,3,0.282,0.352,0.42,0.772,0.339,93.9,1.08,15000,-3.3,0,-2.2,-5.6,1.4,-4.6,-3.3,-4.2,-8.9,20.1,11.3,10.83,-0.8,1.22,1.01,0.58,0.12,0.71
서동욱,TRUE,TRUE,N,2018,KIA,34,1B,32,56,49,3,10,3,0,0,13,2,0,0,5,1,0,15,1,0,1,0.204,0.286,0.265,0.551,0.26,42,-0.44,18500,-4.6,0,0.3,-4.3,0.9,-0.7,0.2,-3.4,-4.2,3.2,-1,11.06,-0.4,-0.18,-0.16,-0.23,0.08,-0.14
서상우,FALSE,TRUE,N,2012,LG,23,1B,6,10,9,0,0,0,0,0,0,0,0,0,0,0,0,5,1,1,0,0,0,0,0,0,-127.8,,,-2.5,0,0,-2.5,0,-0.2,-0.2,-2.5,-2.7,0.5,-2.2,9.17,-0.3,-0.22,-0.22,-0.24,0,-0.24
서상우,FALSE,TRUE,N,2015,LG,26,DH,58,171,159,29,54,8,0,6,80,22,5,1,9,3,0,31,2,0,0,0.34,0.386,0.503,0.889,0.398,140,1.14,6000,9,0.6,-2.5,7.1,-0.2,-4.8,-5,6.9,2.1,9.3,11.4,10.87,0.2,1.54,1.37,0.92,-0.02,0.91
서상우,FALSE,TRUE,N,2016,LG,27,DH,56,137,111,18,28,5,0,4,45,12,1,0,25,1,1,37,1,0,0,0.252,0.394,0.405,0.8,0.372,112.9,0.41,6000,2.4,0.4,-0.4,2.3,0.1,-3.4,-3.3,2.4,-1,7.8,6.8,11.29,-0.1,0.78,0.77,0.47,0.01,0.48
서상우,FALSE,TRUE,N,2017,LG,28,,10,17,13,4,1,0,0,1,4,2,1,0,3,1,1,8,0,0,0,0.077,0.294,0.308,0.602,0.257,48.4,-0.01,5500,-1.2,0.2,0.3,-0.7,0.1,-0.3,-0.2,-0.7,-0.9,0.9,0,10.81,-0.1,-0.04,0,-0.02,0.01,-0.02
서상우,FALSE,TRUE,N,2018,LG,29,,51,84,69,10,20,0,0,2,26,14,0,1,12,1,0,18,1,0,2,0.29,0.393,0.377,0.77,0.354,106.5,-0.01,3500,0.7,-0.5,0.4,0.6,-0.1,-1,-1.1,0.5,-0.5,4.8,4.3,11.19,0,0.41,0.41,0.32,-0.01,0.31
서상우,TRUE,TRUE,N,2019,LG,30,DH,13,24,21,2,5,1,0,0,6,1,0,0,3,0,0,8,1,0,0,0.238,0.333,0.286,0.619,0.303,79.8,-0.22,5300,-0.6,0,-0.4,-1,-0.5,-0.4,-0.8,-1.4,-1.8,1.2,-0.6,9.67,-0.2,0.04,0,-0.04,-0.05,-0.09
손시헌,FALSE,FALSE,N,2003,두산,23,SS,59,154,141,16,31,4,0,1,38,6,2,0,6,1,0,23,10,6,0,0.22,0.257,0.27,0.526,0.237,27.5,,,-13.4,0.5,-0.3,-13.2,0,1.9,1.9,-13.2,-11.3,7.7,-3.6,9.95,-1.1,-0.57,-0.55,-0.36,0,-0.36
손시헌,FALSE,FALSE,N,2004,두산,24,SS,122,395,347,45,80,20,2,2,110,39,0,2,30,6,1,56,9,6,6,0.231,0.298,0.317,0.615,0.284,61.5,,2700,-18.4,-0.6,-0.5,-19.5,0,5,5,-19.5,-14.6,19.8,5.2,10.03,-1.5,0.14,0.03,0.52,0,0.52
손시헌,FALSE,FALSE,N,2005,두산,25,SS,126,480,416,59,115,18,5,4,155,60,2,5,48,4,0,59,7,6,6,0.276,0.352,0.373,0.725,0.334,101.1,,6000,0.6,-1.9,0.2,-1,0,5.9,5.9,-1,4.9,23.7,28.6,9.88,0.5,2.46,2.3,2.9,0,2.9
손시헌,FALSE,FALSE,N,2006,두산,26,SS,126,462,404,29,108,16,4,2,138,34,2,3,35,10,1,48,5,11,2,0.267,0.339,0.342,0.681,0.316,97.6,,13000,-1.2,-1,-0.5,-2.7,0,5.2,5.2,-2.7,2.5,20.6,23.1,8.92,0.3,2.18,2.01,2.59,0,2.59
손시헌,FALSE,FALSE,N,2009,두산,29,SS,121,476,412,56,119,22,3,11,180,59,6,3,42,12,1,67,5,7,3,0.289,0.369,0.437,0.806,0.36,106.5,,13000,4.1,-0.5,0.2,3.7,0,6.4,6.4,3.7,10.1,25.6,35.7,10.74,0.9,2.76,2.73,3.32,0,3.32
손시헌,FALSE,FALSE,N,2010,두산,30,SS,128,499,433,51,118,19,1,8,163,62,0,2,46,7,2,64,12,10,3,0.273,0.35,0.376,0.726,0.331,93,,18500,-4.5,-1,-1.8,-7.3,0,6.5,6.5,-7.3,-0.8,26.1,25.4,10.47,-0.1,2.07,1.8,2.42,0,2.42
손시헌,FALSE,FALSE,N,2011,두산,31,SS,92,351,298,39,84,10,1,4,108,28,2,1,37,9,0,44,9,7,0,0.282,0.378,0.362,0.74,0.351,110.5,,20200,4.3,0,-0.9,3.3,0,4.3,4.3,3.3,7.6,17.2,24.8,9.8,0.8,2.2,2.1,2.53,0,2.53
손시헌,FALSE,FALSE,N,2012,두산,32,SS,86,312,272,24,67,11,1,5,95,31,4,2,21,4,0,40,12,11,4,0.246,0.306,0.349,0.655,0.299,82.4,,19700,-5.9,-0.2,-0.8,-6.9,0,3.6,3.6,-6.9,-3.3,14.3,11,9.17,-0.4,0.91,0.81,1.2,0,1.2
손시헌,FALSE,FALSE,N,2013,두산,33,SS,93,268,234,35,59,14,1,1,78,26,3,1,21,6,0,38,5,6,1,0.252,0.328,0.333,0.662,0.311,78.9,,18000,-6.7,0.1,0,-6.7,0,3.3,3.3,-6.7,-3.4,13.4,10,9.97,-0.3,0.66,0.67,1,0,1
손시헌,FALSE,TRUE,Y,2014,NC,34,SS,97,361,307,39,90,20,1,5,127,39,2,1,34,7,0,53,10,5,8,0.293,0.368,0.414,0.782,0.352,96.1,-0.97,40000,-2.4,0,-1,-3.4,8.1,4.5,12.6,4.8,9.3,20.6,29.8,11.41,0.8,1.6,1.51,1.9,0.71,2.62
손시헌,FALSE,TRUE,N,2015,NC,35,SS,140,508,440,56,108,24,2,13,175,58,3,2,36,14,0,66,16,13,5,0.245,0.319,0.398,0.717,0.315,78.6,0.23,40000,-14.9,-0.3,-0.6,-15.8,5.8,6,11.8,-10.1,-4,27.7,23.7,10.67,-0.4,0.72,0.63,1.2,0.54,1.74
손시헌,FALSE,TRUE,N,2016,NC,36,SS,110,403,341,36,104,21,2,5,144,39,1,0,38,13,0,48,13,10,1,0.305,0.394,0.422,0.817,0.371,110.3,1.81,40000,5.5,0.7,0.6,6.8,9.3,5,14.3,16.1,21.1,23,44,11.25,1.9,2.17,2.28,2.73,0.82,3.55
손시헌,FALSE,TRUE,N,2017,NC,37,SS,124,391,349,32,122,17,1,5,156,45,1,0,16,8,1,44,5,13,5,0.35,0.386,0.447,0.833,0.362,111,-0.01,40000,5.5,0.5,-0.6,5.4,-3.3,4.8,1.5,2.1,6.8,21.5,28.3,10.92,0.6,2.13,2.12,2.56,-0.3,2.26
손시헌,FALSE,TRUE,N,2018,NC,38,SS,67,150,128,12,24,4,0,2,34,14,2,0,15,5,0,20,3,1,1,0.188,0.295,0.266,0.561,0.266,45.2,-0.22,50000,-11.6,0.4,0.3,-10.9,2.2,2.2,4.4,-8.7,-6.5,8.5,2,11.04,-0.6,-0.43,-0.36,-0.16,0.2,0.03
손시헌,TRUE,TRUE,N,2019,NC,39,SS,68,149,135,17,36,4,1,2,48,10,1,2,5,5,0,23,2,4,0,0.267,0.317,0.356,0.673,0.308,80.6,-0.79,50000,-3.4,-0.7,0,-4.1,1.3,1.7,3,-2.8,-1.1,7.3,6.3,9.63,-0.1,0.27,0.19,0.37,0.14,0.51
손주인,FALSE,FALSE,N,2002,삼성,19,,1,0,0,0,0,0,0,0,0,0,0,0,0,0,0,0,0,0,0,,,,,,,,,0,0,0,0,0,0,0,0,0,0,0,9.95,0,0,0,0,0,0
손주인,FALSE,FALSE,N,2003,삼성,20,,19,9,9,0,1,0,0,0,1,1,0,0,0,0,0,4,0,0,0,0.111,0.111,0.111,0.222,0.104,-60.3,,2000,-1.7,0,0,-1.7,0,0,0,-1.7,-1.7,0.4,-1.3,9.95,-0.2,-0.13,-0.13,-0.13,0,-0.13
손주인,FALSE,FALSE,N,2005,삼성,22,,14,8,7,3,2,0,0,0,2,1,0,0,1,0,0,3,0,0,0,0.286,0.375,0.286,0.661,0.326,95.1,,2200,0,0,0,-0.1,0,0,0,-0.1,-0.1,0.4,0.3,9.88,0,0.04,0.03,0.03,0,0.03
손주인,FALSE,FALSE,N,2008,삼성,25,SS,9,3,3,0,0,0,0,0,0,0,0,0,0,0,0,0,0,0,0,0,0,0,0,0,-127,,2300,-0.8,0,0,-0.8,0,0,0,-0.8,-0.8,0.1,-0.6,9.73,-0.1,-0.07,-0.07,-0.06,0,-0.06
손주인,FALSE,FALSE,N,2009,삼성,26,SS,80,202,178,19,44,5,0,0,49,13,0,3,13,2,0,31,7,6,3,0.247,0.301,0.275,0.576,0.267,44.7,,2300,-14.7,-1.5,-0.7,-16.9,0,2.7,2.7,-16.9,-14.1,10.8,-3.3,10.74,-1.3,-0.35,-0.56,-0.31,0,-0.31
손주인,FALSE,FALSE,N,2010,삼성,27,SS,27,32,26,2,5,3,0,0,8,3,0,1,3,1,1,4,0,2,0,0.192,0.3,0.308,0.608,0.258,44.5,,4250,-2.3,-0.5,-0.1,-2.8,0,0.4,0.4,-2.8,-2.3,1.7,-0.7,10.47,-0.2,-0.06,-0.1,-0.06,0,-0.06
손주인,FALSE,FALSE,N,2011,삼성,28,3B,63,122,113,9,30,5,0,1,38,8,0,1,1,2,0,19,5,5,1,0.265,0.282,0.336,0.618,0.278,61.2,,4400,-5.6,-0.4,-0.5,-6.5,0,0.5,0.5,-6.5,-6,6,0,9.8,-0.6,0.04,-0.05,0,0,0
손주인,FALSE,FALSE,N,2012,삼성,29,2B,96,167,146,11,36,6,2,0,46,17,1,1,10,3,0,15,3,7,1,0.247,0.306,0.315,0.621,0.286,72.9,,5500,-4.9,-0.3,0,-5.2,0,0.6,0.6,-5.2,-4.6,7.7,3.1,9.17,-0.5,0.3,0.27,0.34,0,0.34
손주인,FALSE,FALSE,Y,2013,LG,30,2B,125,423,351,42,93,17,3,3,125,41,9,6,40,6,0,63,8,20,6,0.265,0.345,0.356,0.701,0.318,83.7,,6800,-8.2,-0.9,0.2,-9,0,1.8,1.8,-9,-7.2,21.1,13.9,9.97,-0.7,1.29,1.22,1.39,0,1.39
손주인,FALSE,FALSE,N,2014,LG,31,2B,120,400,341,49,99,11,0,5,125,31,3,2,30,8,0,42,8,17,4,0.29,0.358,0.367,0.724,0.324,82.1,-0.18,6800,-10.5,-0.3,-0.8,-11.6,0,0,0,-11.6,-11.6,22.8,11.2,11.41,-1,1.08,0.98,0.98,0,0.98
손주인,FALSE,FALSE,N,2015,LG,32,2B,98,279,244,27,60,9,0,0,69,14,3,4,20,2,0,41,6,12,1,0.246,0.307,0.283,0.59,0.27,47.6,-1.79,12000,-19.8,-1.2,1.6,-19.4,-4.1,1.2,-2.9,-23.6,-22.4,15.2,-7.1,10.67,-2.1,-0.69,-0.66,-0.55,-0.39,-0.93
손주인,FALSE,FALSE,N,2016,LG,33,2B,122,409,354,47,114,20,3,2,146,39,5,4,33,6,0,35,6,12,4,0.322,0.385,0.412,0.798,0.36,100.1,0.08,12000,-0.3,-0.5,-2.1,-2.9,6.3,1.8,8.1,3.4,5.2,23.3,28.6,11.21,0.5,1.68,1.45,1.61,0.56,2.17
손주인,FALSE,FALSE,N,2017,LG,34,2B,115,334,294,48,82,13,0,5,110,33,4,0,20,5,0,41,10,9,6,0.279,0.329,0.374,0.703,0.31,77.3,-0.87,20000,-10.5,1,0.4,-9.1,5,2.3,7.3,-4.1,-1.8,18.4,16.6,10.78,-0.2,0.42,0.55,0.76,0.46,1.22
손주인,FALSE,TRUE,Y,2018,삼성,35,2B,98,297,265,26,63,10,0,4,85,28,3,0,11,7,0,40,11,10,4,0.238,0.282,0.321,0.603,0.263,43.4,-1.49,18000,-23.8,0.7,0.7,-22.4,-1.3,1.1,-0.2,-23.7,-22.6,16.8,-5.8,11.03,-2.1,-0.92,-0.8,-0.7,-0.12,-0.82
손주인,TRUE,TRUE,N,2019,삼성,36,1B,20,35,31,2,6,0,0,1,9,4,0,1,2,0,0,6,3,2,0,0.194,0.242,0.29,0.533,0.235,31.3,-0.3,15000,-2.8,-0.4,-0.5,-3.8,-2.8,-0.2,-3,-6.5,-6.8,1.7,-5.1,9.66,-0.7,-0.15,-0.25,-0.27,-0.29,-0.56
양원혁,FALSE,TRUE,N,2015,LG,24,,3,2,2,2,1,0,0,0,1,1,0,0,0,0,0,0,0,0,0,0.5,0.5,0.5,1,0.468,177.7,0,2700,0.2,0,-0.3,-0.1,-0.7,0,-0.7,-0.8,-0.8,0.1,-0.7,10.94,-0.1,0.03,0,0,-0.06,-0.06
양원혁,FALSE,TRUE,N,2018,LG,27,2B,7,6,5,3,2,0,0,0,2,0,0,0,1,0,0,0,0,0,0,0.4,0.5,0.4,0.9,0.428,151.8,-0.02,2900,0.4,0,0.3,0.7,0.1,0,0.1,0.8,0.8,0.3,1.1,11.25,0.1,0.06,0.09,0.09,0,0.1
양원혁,TRUE,TRUE,N,2019,LG,28,,1,0,0,1,0,0,0,0,0,0,0,0,0,0,0,0,0,0,0,,,,,,,0,,0,0,0,0,0,0,0,0,0,0,0,9.7,0,0,0,0,0,0
윤진호,FALSE,TRUE,N,2009,LG,23,SS,3,8,6,1,2,1,0,0,3,2,0,0,1,0,0,1,2,1,0,0.333,0.429,0.5,0.929,0.368,112,,,0.1,0,0,0.1,0,0.1,0.1,0.1,0.2,0.4,0.6,10.74,0,0.05,0.05,0.06,0,0.06
윤진호,FALSE,TRUE,N,2010,LG,24,SS,17,6,6,1,0,0,0,0,0,0,0,0,0,0,0,2,1,0,0,0,0,0,0,0,-129.9,,2400,-1.8,0,0,-1.8,0,0.1,0.1,-1.8,-1.7,0.3,-1.4,10.47,-0.2,-0.14,-0.14,-0.13,0,-0.13
윤진호,FALSE,TRUE,N,2011,LG,25,SS,75,99,88,11,14,4,0,0,18,2,2,1,6,0,0,26,3,5,0,0.159,0.213,0.205,0.417,0.194,3.2,,2600,-11.3,0,-0.1,-11.3,0,1.2,1.2,-11.3,-10.1,4.8,-5.3,9.8,-1,-0.65,-0.66,-0.54,0,-0.54
윤진호,FALSE,TRUE,N,2012,LG,26,2B,22,13,12,3,1,0,0,0,1,0,1,1,1,0,0,4,0,0,0,0.083,0.154,0.083,0.237,0.129,-37.3,,3300,-1.9,-0.2,0,-2.1,0,0,0,-2.1,-2.1,0.6,-1.5,9.17,-0.2,-0.15,-0.16,-0.16,0,-0.16
윤진호,FALSE,TRUE,N,2015,LG,29,3B,30,13,12,3,1,0,0,0,1,1,1,0,0,0,0,3,0,1,0,0.083,0.083,0.083,0.167,0.072,-85,0.08,3300,-3.2,0.2,0.8,-2.2,0.6,0.1,0.8,-1.6,-1.4,0.7,-0.7,10.71,-0.1,-0.25,-0.15,-0.14,0.06,-0.08
윤진호,FALSE,TRUE,N,2016,LG,30,SS,34,23,21,3,4,0,0,0,4,0,1,0,0,0,0,6,1,2,0,0.19,0.191,0.19,0.381,0.164,-28.3,0.03,3300,-4.2,0.2,0.1,-3.9,0.6,0.4,0.9,-3.3,-3,1.3,-1.6,11.17,-0.3,-0.28,-0.25,-0.22,0.05,-0.17
윤진호,FALSE,TRUE,N,2017,LG,31,3B,14,3,3,1,1,0,0,0,1,1,0,0,0,0,0,1,0,0,0,0.333,0.333,0.333,0.667,0.309,73.1,-0.13,4000,-0.1,0,0,-0.1,-0.9,0.1,-0.8,-1,-0.9,0.2,-0.7,10.91,-0.1,0,0,0.01,-0.08,-0.07
윤진호,FALSE,TRUE,N,2018,LG,32,2B,102,61,53,13,11,3,0,0,14,4,0,1,2,2,0,14,2,4,0,0.208,0.263,0.264,0.527,0.23,22,-0.81,4200,-6.7,-0.5,0.2,-7,0.2,0.7,0.9,-6.7,-6.1,3.5,-2.6,11.13,-0.5,-0.35,-0.37,-0.31,0.02,-0.29
윤진호,TRUE,TRUE,N,2019,LG,33,3B,105,62,59,6,6,2,0,1,11,5,1,1,1,0,0,13,0,2,0,0.102,0.117,0.186,0.303,0.133,-33.4,-0.88,6000,-9.7,-0.2,0.1,-9.8,3.8,0.6,4.4,-6,-5.4,3,-2.4,9.6,-0.6,-0.76,-0.77,-0.71,0.4,-0.31
윤정우,FALSE,FALSE,N,2011,KIA,23,CF,29,18,16,4,1,1,0,0,2,0,3,0,1,0,0,9,0,1,0,0.063,0.118,0.125,0.243,0.114,-50.6,,,-3.2,0.6,0,-2.6,0,0.1,0.1,-2.6,-2.5,0.9,-1.6,9.8,-0.3,-0.23,-0.17,-0.16,0,-0.16
윤정우,FALSE,FALSE,Y,2012,LG,24,LF,29,21,21,4,2,0,0,0,2,0,4,1,0,0,0,7,1,0,0,0.095,0.095,0.095,0.191,0.091,-63.9,,2600,-3.7,0.4,0,-3.3,0,-0.2,-0.2,-3.3,-3.5,1,-2.6,9.17,-0.4,-0.3,-0.26,-0.28,0,-0.28
윤정우,FALSE,FALSE,Y,2016,KIA,28,RF,46,82,67,20,20,5,0,2,31,13,6,1,5,7,0,15,2,2,1,0.299,0.4,0.463,0.863,0.385,115.4,0.05,2900,1.7,0.8,-0.2,2.3,-0.6,-1,-1.6,1.7,0.8,4.7,5.4,11.31,0.1,0.49,0.55,0.46,-0.05,0.41
윤정우,TRUE,TRUE,N,2018,SK,30,LF,22,43,40,6,10,2,0,1,15,2,2,1,2,1,0,7,4,0,0,0.25,0.302,0.375,0.677,0.302,68.2,-0.03,3000,-1.9,-0.1,0.5,-1.5,1.3,-0.7,0.6,-0.3,-0.9,2.4,1.5,11.09,-0.1,0,0.04,-0.02,0.11,0.09
이대형,FALSE,FALSE,N,2003,LG,20,,47,58,53,12,13,2,2,0,19,4,7,3,2,0,0,12,0,3,0,0.245,0.273,0.358,0.631,0.269,50.9,,,-3.4,0.2,0.3,-2.9,0,0,0,-2.9,-2.9,2.9,-0.1,9.95,-0.3,-0.05,-0.01,-0.01,0,-0.01
이대형,FALSE,FALSE,N,2004,LG,21,,13,12,11,1,1,0,0,0,1,0,2,1,0,0,0,4,0,1,0,0.091,0.091,0.091,0.182,0.079,-82.3,,2000,-2.6,0,0,-2.7,0,0,0,-2.7,-2.7,0.6,-2.1,10.03,-0.3,-0.2,-0.2,-0.2,0,-0.2
이대형,FALSE,FALSE,N,2005,LG,22,CF,107,142,127,40,34,4,1,0,40,5,37,9,11,1,0,35,2,3,0,0.268,0.331,0.315,0.646,0.302,78.5,,2600,-3.6,3.6,0.8,0.7,0,0.6,0.6,0.7,1.3,7,8.3,9.88,0.1,0.34,0.79,0.84,0,0.84
이대형,FALSE,FALSE,N,2006,LG,23,CF,87,169,155,23,40,3,0,0,43,4,15,8,5,0,0,35,1,9,0,0.258,0.281,0.277,0.559,0.253,51,,3800,-8.7,-0.1,0.4,-8.3,0,0.6,0.6,-8.3,-7.7,7.5,-0.1,8.92,-0.9,-0.12,-0.08,-0.01,0,-0.01
이대형,FALSE,FALSE,N,2007,LG,24,CF,125,509,451,68,139,13,1,1,157,31,53,20,38,5,1,54,3,13,2,0.308,0.367,0.348,0.715,0.334,102.4,,3800,1.4,2.6,1.6,5.5,0,2,2,5.5,7.5,23.9,31.5,9.41,0.8,2.69,3.13,3.35,0,3.35
이대형,FALSE,FALSE,N,2008,LG,25,CF,126,574,523,71,138,5,2,0,147,33,63,15,39,2,1,80,3,9,1,0.264,0.317,0.281,0.598,0.287,66.9,,8000,-22,6.2,2.3,-13.6,0,2.3,2.3,-13.6,-11.2,27.9,16.7,9.73,-1.2,0.6,1.48,1.71,0,1.71
이대형,FALSE,FALSE,N,2009,LG,26,CF,133,597,521,92,146,10,2,2,166,41,64,18,50,0,1,77,8,22,4,0.28,0.341,0.319,0.66,0.301,66.3,,9500,-26.4,4.1,2.4,-20,0,2.7,2.7,-20,-17.3,32.1,14.8,10.74,-1.6,0.53,1.13,1.37,0,1.37
이대형,FALSE,FALSE,N,2010,LG,27,CF,130,568,494,73,129,14,2,1,150,43,66,21,58,2,0,76,3,13,1,0.261,0.341,0.304,0.644,0.305,75,,12000,-18.1,3.6,2.2,-12.2,0,2.5,2.5,-12.2,-9.8,29.7,20,10.47,-0.9,1.11,1.67,1.91,0,1.91
이대형,FALSE,FALSE,N,2011,LG,28,CF,104,398,354,56,88,11,5,1,112,24,34,17,30,2,0,78,0,11,1,0.249,0.31,0.316,0.627,0.292,70.3,,14000,-13.9,-0.3,2.3,-11.8,0,1.6,1.6,-11.8,-10.2,19.5,9.3,9.8,-1,0.57,0.78,0.95,0,0.95
이대형,FALSE,FALSE,N,2012,LG,29,CF,101,291,258,32,46,4,4,1,61,19,25,3,25,1,2,53,5,6,1,0.178,0.253,0.236,0.489,0.232,35.2,,8500,-20.4,3.7,1.3,-15.4,0,1.1,1.1,-15.4,-14.3,13.3,-0.9,9.17,-1.6,-0.77,-0.22,-0.1,0,-0.1
이대형,FALSE,FALSE,N,2013,LG,30,CF,102,204,177,36,42,5,1,1,52,10,13,9,19,1,0,45,1,5,2,0.237,0.312,0.294,0.605,0.287,62,,8500,-9.2,-1.3,0.7,-9.8,0,0.8,0.8,-9.8,-9,10.2,1.2,9.97,-0.9,0.09,0.04,0.12,0,0.12
이대형,FALSE,FALSE,Y,2014,KIA,31,CF,126,505,461,75,149,15,9,1,185,40,22,15,35,2,2,57,5,5,2,0.323,0.372,0.401,0.773,0.353,95.5,0.16,30000,-3.5,-2.9,2.4,-4,-7.5,1.9,-5.6,-11.5,-9.6,28.8,19.2,11.41,-0.8,2.22,2.17,2.34,-0.66,1.68
이대형,FALSE,TRUE,Y,2015,kt,32,CF,140,616,546,86,165,23,3,0,194,37,44,14,53,6,0,92,5,10,1,0.302,0.37,0.355,0.725,0.337,88.9,1.54,30000,-9.6,2.3,2.5,-4.8,-13.7,0.6,-13.1,-18.5,-17.9,33.6,15.7,10.83,-1.7,1.68,2.12,2.18,-1.27,0.91
이대형,FALSE,TRUE,N,2016,kt,33,CF,143,654,600,89,192,14,3,1,215,42,37,20,44,2,0,90,6,7,1,0.32,0.368,0.358,0.726,0.341,86.9,0.25,30000,-12.5,-1.7,3.4,-10.8,-12.8,-0.2,-13,-23.6,-23.8,37.3,13.5,11.27,-2.1,1.61,1.77,1.75,-1.13,0.61
이대형,FALSE,TRUE,N,2017,kt,34,LF,100,366,337,51,90,8,3,0,104,24,23,4,24,0,1,54,8,4,1,0.267,0.315,0.309,0.624,0.287,57.3,-0.75,30000,-21.4,3,3.1,-15.4,-8.3,-2.5,-10.8,-23.6,-26.1,20.1,-6,10.82,-2.4,-0.45,0.1,-0.13,-0.76,-0.89
이대형,FALSE,TRUE,N,2018,KT,35,CF,1,1,1,0,0,0,0,0,0,0,0,0,0,0,0,1,0,0,0,0,0,0,0,0,,0,20000,0,0,0,0,0,0,0,0,0,0.1,0.1,11.18,0,0,0,0,0,0
이대형,TRUE,TRUE,N,2019,KT,36,,18,19,14,2,2,1,0,0,3,4,0,0,4,0,0,5,0,0,1,0.143,0.316,0.214,0.53,0.271,58.1,-0.1,20000,-0.9,0,-0.4,-1.4,0.3,0,0.3,-1,-1.1,0.9,-0.1,9.62,-0.1,-0.02,-0.06,-0.07,0.04,-0.03
이범호,FALSE,FALSE,N,2000,한화,19,3B,69,86,74,11,12,7,0,1,22,3,1,0,10,1,0,21,2,0,1,0.162,0.267,0.297,0.565,0.263,48.9,,,-5.7,0.2,-0.1,-5.6,0,0.4,0.4,-5.6,-5.2,4.5,-0.7,10.58,-0.5,-0.11,-0.1,-0.06,0,-0.06
이범호,FALSE,FALSE,N,2001,한화,20,3B,71,159,138,22,27,7,1,3,45,16,2,4,11,2,0,25,3,7,1,0.196,0.263,0.326,0.589,0.26,42.4,,2000,-12,-1.4,0.1,-13.3,0,0.7,0.7,-13.3,-12.5,8.6,-4,10.76,-1.2,-0.32,-0.44,-0.37,0,-0.37
이범호,FALSE,FALSE,N,2002,한화,21,3B,111,329,296,41,77,20,2,11,134,35,5,1,24,3,1,57,5,4,2,0.26,0.32,0.453,0.773,0.334,103.6,,2400,1.4,0.7,0.2,2.3,0,1.4,1.4,2.3,3.7,16.4,20.1,9.95,0.4,1.79,1.88,2.02,0,2.02
이범호,FALSE,FALSE,N,2003,한화,22,3B,107,384,323,46,77,19,1,11,131,38,2,6,47,5,1,63,6,8,1,0.238,0.343,0.406,0.749,0.334,97.4,,3500,-1.2,-1.8,-0.7,-3.7,0,1.6,1.6,-3.7,-2.1,19.1,17,9.95,-0.2,1.8,1.55,1.71,0,1.71
이범호,FALSE,FALSE,N,2004,한화,23,3B,133,541,481,80,148,35,3,23,258,74,6,3,48,3,1,80,8,5,4,0.308,0.371,0.536,0.908,0.401,140.7,,4500,26.6,0.3,0.1,26.9,0,2.3,2.3,26.9,29.2,27.1,56.3,10.03,2.9,5.35,5.39,5.61,0,5.61
이범호,FALSE,FALSE,N,2005,한화,24,3B,126,513,444,69,121,27,1,26,228,68,6,2,53,9,0,94,8,1,6,0.273,0.357,0.514,0.871,0.387,135.8,,10500,21.8,0.2,-0.6,21.4,0,2.1,2.1,21.4,23.5,25.4,48.9,9.88,2.4,4.77,4.73,4.95,0,4.95
이범호,FALSE,FALSE,N,2006,한화,25,3B,126,497,421,53,108,25,1,20,195,73,0,2,65,7,2,87,11,1,3,0.257,0.363,0.463,0.826,0.379,141.1,,16000,21.4,-1,-2,18.4,0,1.8,1.8,18.4,20.2,22.2,42.4,8.92,2.3,4.88,4.54,4.75,0,4.75
이범호,FALSE,FALSE,N,2007,한화,26,3B,126,505,418,57,103,14,0,21,180,63,2,0,72,5,1,73,14,6,4,0.246,0.361,0.431,0.791,0.363,122.5,,23000,12.6,0.3,-1.9,11,0,2,2,11,12.9,23.8,36.7,9.41,1.4,3.86,3.69,3.9,0,3.9
이범호,FALSE,FALSE,N,2008,한화,27,3B,125,508,434,80,120,21,3,19,204,77,12,1,61,9,0,50,18,0,4,0.277,0.374,0.47,0.844,0.389,136.1,,21000,21.3,1.8,0.3,23.3,0,2.1,2.1,23.3,25.4,24.7,50.1,9.73,2.6,4.72,4.94,5.15,0,5.15
이범호,FALSE,FALSE,N,2009,한화,28,3B,126,499,436,64,124,21,0,25,220,79,3,1,53,7,5,70,10,0,3,0.284,0.369,0.505,0.873,0.382,121,,33000,13.7,-0.2,-1.4,12.1,0,2.2,2.2,12.1,14.3,26.8,41.2,10.74,1.3,3.77,3.62,3.83,0,3.83
이범호,FALSE,TRUE,Y,2011,KIA,30,3B,101,405,318,63,96,21,0,17,168,77,2,0,75,7,3,56,8,0,5,0.302,0.44,0.528,0.968,0.44,171.1,,40000,33.8,0.4,-1.4,32.8,0,1.7,1.7,32.8,34.4,19.8,54.2,9.8,3.5,5.47,5.37,5.54,0,5.54
이범호,FALSE,TRUE,N,2012,KIA,31,3B,42,171,140,13,41,7,0,2,54,19,1,0,27,1,2,23,3,0,3,0.293,0.404,0.386,0.789,0.373,134.9,,49500,6.5,0,-0.8,5.7,0,0.7,0.7,5.7,6.4,7.8,14.2,9.17,0.7,1.56,1.48,1.55,0,1.55
이범호,FALSE,TRUE,N,2013,KIA,32,3B,122,516,436,56,108,17,0,24,197,73,0,2,62,9,3,79,18,4,5,0.248,0.35,0.452,0.801,0.364,115,,43500,9.2,-1.1,-2.6,5.5,0,2.1,2.1,5.5,7.6,25.7,33.4,9.97,0.8,3.5,3.13,3.35,0,3.35
이범호,FALSE,TRUE,N,2014,KIA,33,3B,105,406,350,47,94,23,0,19,174,82,2,2,41,11,1,89,9,0,4,0.269,0.36,0.497,0.857,0.375,111.8,1.82,45000,6.6,-0.5,-1.5,4.6,-0.7,-0.3,-1,4,3.6,23.2,26.8,11.41,0.3,2.61,2.44,2.41,-0.06,2.35
이범호,FALSE,TRUE,N,2015,KIA,34,3B,138,514,437,60,118,25,0,28,227,79,3,4,57,16,1,91,16,0,4,0.27,0.372,0.519,0.891,0.389,125.2,2.74,65000,17,-1.2,-3.6,12.2,-6.1,0.9,-5.3,6,6.9,28.1,35,10.88,0.6,3.7,3.26,3.34,-0.56,2.78
이범호,FALSE,TRUE,N,2016,KIA,35,3B,138,560,484,93,150,23,0,33,272,108,1,1,60,9,7,57,15,0,7,0.31,0.391,0.562,0.953,0.411,132.9,3.95,65000,25.4,0.3,-4,21.7,3,1.4,4.4,24.7,26.1,31.9,58,11.36,2.3,4.57,4.24,4.36,0.27,4.63
이범호,FALSE,TRUE,N,2017,KIA,36,3B,115,447,382,57,104,14,0,25,193,89,0,0,52,7,3,81,9,0,6,0.272,0.365,0.505,0.87,0.375,118.2,2.29,65000,10.6,0.3,0,10.9,-4.2,1.6,-2.6,6.7,8.3,24.6,32.9,10.96,0.8,2.83,2.86,3,-0.38,2.62
이범호,FALSE,TRUE,N,2018,KIA,37,3B,101,380,332,41,93,7,0,20,160,69,1,0,42,4,4,59,12,0,2,0.28,0.366,0.482,0.848,0.365,112.5,1.03,65000,6.4,0.3,-0.6,6.2,4.4,1.1,5.5,10.5,11.6,21.5,33.1,11.19,1,2.16,2.13,2.23,0.39,2.62
이범호,TRUE,TRUE,N,2019,KIA,38,,19,31,26,1,6,1,0,1,10,5,0,0,3,0,0,3,1,0,2,0.231,0.29,0.385,0.675,0.301,78,-0.29,65000,-0.8,0,0.1,-0.8,0.1,-0.4,-0.2,-0.6,-1,1.5,0.5,9.66,-0.1,0.05,0.05,0.01,0.01,0.03
이인행,FALSE,TRUE,N,2015,KIA,24,SS,20,33,30,0,6,0,0,0,6,0,0,0,2,0,0,9,0,1,0,0.2,0.25,0.2,0.45,0.214,8.7,-0.4,3000,-4.1,0,-1.6,-5.7,-4.4,0.3,-4.2,-10.1,-9.8,1.8,-8,10.74,-0.9,-0.24,-0.39,-0.37,-0.41,-0.78
이인행,FALSE,TRUE,N,2017,KIA,26,1B,3,3,3,0,0,0,0,0,0,0,0,0,0,0,0,1,0,0,0,0,0,0,0,0,-132.7,0,3100,-0.9,0,0,-0.9,-0.2,0,-0.2,-1.1,-1.2,0.2,-1,10.68,-0.1,-0.08,-0.08,-0.08,-0.02,-0.1
이인행,FALSE,TRUE,N,2018,KIA,27,,4,1,1,1,0,0,0,0,0,0,0,0,0,0,0,0,0,0,0,0,0,0,0,0,-130.7,0,3200,-0.3,0,0,-0.4,-0.2,0,-0.3,-0.6,-0.7,0.1,-0.6,11.16,-0.1,-0.02,-0.03,-0.03,-0.02,-0.05
이인행,TRUE,TRUE,N,2019,KIA,28,RF,9,20,16,1,3,1,0,0,4,2,0,0,2,1,0,6,1,1,0,0.188,0.316,0.25,0.566,0.27,55.6,0.06,3300,-1,0,0,-1,-0.4,-0.2,-0.5,-1.4,-1.6,1,-0.6,9.64,-0.2,-0.02,-0.02,-0.04,-0.04,-0.08
이준호,FALSE,TRUE,N,2011,KIA,24,CF,4,2,2,0,1,0,0,0,1,0,0,0,0,0,0,0,0,0,0,0.5,0.5,0.5,1,0.477,196.8,,,0.2,0,0,0.2,0,0,0,0.2,0.2,0.1,0.3,9.8,0,0.03,0.03,0.03,0,0.03
이준호,FALSE,TRUE,N,2012,KIA,25,LF,113,295,255,25,58,12,4,0,78,21,4,4,29,0,0,48,5,8,3,0.227,0.303,0.306,0.609,0.285,72,,2600,-8.9,-0.9,0.3,-9.6,0,-3.4,-3.4,-9.6,-12.9,13.5,0.6,9.17,-1.4,0.5,0.43,0.06,0,0.06
이준호,TRUE,TRUE,N,2013,KIA,26,LF,55,66,60,4,12,2,0,0,14,4,0,0,3,1,0,16,1,1,1,0.2,0.246,0.233,0.48,0.23,23.5,,7000,-6,0,-0.2,-6.2,0,-0.8,-0.8,-6.2,-7.1,3.3,-3.8,9.97,-0.7,-0.27,-0.3,-0.38,0,-0.38
이창열,FALSE,TRUE,N,2014,한화,23,3B,22,25,21,5,4,2,1,0,8,3,1,0,3,1,0,6,0,0,0,0.19,0.32,0.381,0.701,0.321,68.2,0.18,,-1.1,0.2,0.1,-0.8,-0.2,0.2,0,-1,-0.9,1.4,0.6,11.41,-0.1,0.02,0.05,0.07,-0.02,0.05
이창열,FALSE,TRUE,N,2015,한화,24,,5,2,2,0,1,1,0,0,2,1,0,0,0,0,0,0,0,0,0,0.5,0.5,1,1.5,0.636,286.4,0,3200,0.5,0,0,0.5,0.4,0,0.4,0.9,0.9,0.1,1,10.8,0.1,0.05,0.05,0.05,0.04,0.09
이창열,FALSE,TRUE,N,2017,한화,26,DH,3,1,1,1,0,0,0,0,0,0,0,0,0,0,0,0,0,0,0,0,0,0,0,0,-132.7,-0.06,3200,-0.3,0,0,-0.3,0,0,0,-0.3,-0.4,0.1,-0.3,10.79,0,-0.03,-0.03,-0.03,0,-0.03
이창열,TRUE,TRUE,N,2019,한화,28,DH,11,16,13,3,2,0,0,0,2,1,0,0,1,1,0,5,1,1,0,0.154,0.267,0.154,0.421,0.21,18.9,0.07,,-1.5,0,0.2,-1.3,0.4,-0.2,0.2,-0.9,-1.1,0.8,-0.4,9.58,-0.1,-0.09,-0.07,-0.09,0.04,-0.05
장시윤,FALSE,N,N,2015,넥센,22,3B,17,31,29,2,8,0,0,0,8,2,0,1,0,0,0,9,1,2,0,0.276,0.276,0.276,0.552,0.241,29.3,-0.24,3300,-3,-0.5,-1,-4.4,-1,0.2,-0.8,-5.4,-5.2,1.7,-3.5,10.64,-0.5,-0.15,-0.29,-0.27,-0.09,-0.36
장시윤,FALSE,N,N,2016,넥센,23,2B,9,14,10,3,2,0,0,0,2,0,0,0,3,1,0,2,1,0,0,0.2,0.429,0.2,0.629,0.35,92.7,-0.14,3300,-0.2,0,0.3,0.1,-1.8,0.1,-1.7,-1.7,-1.6,0.8,-0.8,11.42,-0.1,0.04,0.07,0.07,-0.16,-0.08
장시윤,TRUE,TRUE,Y,2018,LG,25,3B,8,2,2,2,0,0,0,0,0,0,0,0,0,0,0,0,0,0,0,0,0,0,0,0,-130.7,-0.03,3600,-0.6,0,0,-0.7,0,0,0,-0.7,-0.7,0.1,-0.6,11.12,-0.1,-0.05,-0.05,-0.05,0,-0.05
정병곤,FALSE,N,N,2011,LG,23,3B,11,20,20,1,4,0,1,0,6,2,0,0,0,0,0,7,0,0,0,0.2,0.2,0.3,0.5,0.227,25.3,,,-1.8,0,0,-1.8,0,0.1,0.1,-1.8,-1.7,1,-0.7,9.8,-0.2,-0.08,-0.08,-0.07,0,-0.07
정병곤,FALSE,N,Y,2013,삼성,25,2B,54,71,61,12,13,1,0,0,14,5,0,0,3,1,0,15,2,5,1,0.213,0.258,0.23,0.487,0.222,17.9,,2700,-7,0,-0.2,-7.1,0,0.3,0.3,-7.1,-6.8,3.5,-3.3,9.97,-0.7,-0.34,-0.36,-0.33,0,-0.33
정병곤,FALSE,N,N,2017,삼성,29,SS,74,82,74,16,16,0,0,2,22,7,1,0,4,2,0,21,3,2,0,0.216,0.275,0.297,0.572,0.259,40.8,0.08,3500,-6.6,0.2,0.5,-5.9,4.1,1,5.1,-1.7,-0.7,4.5,3.8,10.77,-0.1,-0.27,-0.2,-0.11,0.38,0.28
정병곤,FALSE,N,N,2018,삼성,30,SS,6,16,15,1,1,0,0,0,1,2,0,0,0,0,0,5,1,0,1,0.067,0.063,0.067,0.129,0.057,-92.2,-0.28,4500,-4.3,0,-0.1,-4.5,0,0.2,0.3,-4.4,-4.2,0.9,-3.3,10.64,-0.4,-0.34,-0.35,-0.33,0,-0.33
정병곤,TRUE,TRUE,Y,2019,두산,31,2B,20,31,27,6,5,1,0,0,6,4,0,0,2,2,0,4,2,0,0,0.185,0.29,0.222,0.513,0.259,51,-0.4,,-1.8,0,0.4,-1.4,0.3,0.2,0.5,-1,-0.8,1.5,0.7,9.63,-0.1,-0.06,-0.01,0.01,0.04,0.04
조홍석,FALSE,TRUE,N,2013,롯데,23,LF,30,79,64,5,16,6,1,0,24,4,2,3,8,4,0,24,0,3,0,0.25,0.368,0.375,0.743,0.344,101.3,,,0.1,-0.9,0.1,-0.6,0,-1,-1,-0.6,-1.6,3.9,2.3,9.97,-0.2,0.41,0.33,0.23,0,0.23
조홍석,FALSE,TRUE,N,2014,롯데,24,LF,2,4,4,0,0,0,0,0,0,0,0,0,0,0,0,2,0,0,0,0,0,0,0,0,-134.8,-0.12,2800,-1.3,0,0,-1.3,0.6,0,0.6,-0.7,-0.7,0.2,-0.5,11.41,-0.1,-0.1,-0.1,-0.1,0.05,-0.05
조홍석,FALSE,TRUE,N,2018,롯데,28,CF,39,71,62,14,14,1,0,0,15,1,0,2,6,2,0,13,2,1,0,0.226,0.314,0.242,0.556,0.268,46.8,0.05,2800,-5.4,-1,-0.1,-6.4,3.8,0,3.8,-2.6,-2.6,4,1.4,10.99,-0.2,-0.19,-0.29,-0.29,0.35,0.06
조홍석,TRUE,TRUE,N,2019,롯데,29,RF,42,66,61,8,7,2,1,0,11,5,1,0,4,0,0,14,1,0,1,0.115,0.167,0.18,0.347,0.166,-13.8,-0.63,3600,-8.8,0.2,0.4,-8.2,1.9,-0.5,1.5,-6.3,-6.8,3.2,-3.5,9.51,-0.7,-0.65,-0.59,-0.64,0.2,-0.44
최윤석,FALSE,FALSE,N,2010,SK,23,SS,47,93,76,13,7,2,0,0,9,2,7,1,8,1,0,19,1,7,1,0.092,0.186,0.118,0.305,0.15,-29.2,,,-15.3,0.9,0.1,-14.2,0,1.2,1.2,-14.2,-13,4.9,-8.1,10.47,-1.2,-1,-0.89,-0.78,0,-0.78
최윤석,FALSE,FALSE,N,2011,SK,24,SS,82,209,156,21,38,4,1,1,47,9,4,4,32,7,0,38,2,14,0,0.244,0.395,0.301,0.696,0.327,94.1,,3200,-1.4,-0.9,0,-2.3,0,2.6,2.6,-2.3,0.2,10.2,10.4,9.8,0,0.9,0.81,1.07,0,1.07
최윤석,FALSE,FALSE,N,2012,SK,25,SS,109,213,170,17,39,1,0,1,43,15,6,5,33,2,0,36,4,7,1,0.229,0.359,0.253,0.612,0.301,83.6,,5000,-3.8,-0.9,-0.5,-5.2,0,2.4,2.4,-5.2,-2.8,9.8,7,9.17,-0.3,0.65,0.5,0.76,0,0.76
최윤석,FALSE,FALSE,N,2013,SK,26,SS,45,85,67,10,13,4,0,0,17,4,0,2,13,2,0,22,3,3,0,0.194,0.342,0.254,0.595,0.294,67.6,,6000,-3.3,-0.9,-0.3,-4.5,0,1.1,1.1,-4.5,-3.5,4.2,0.8,9.97,-0.3,0.1,-0.03,0.08,0,0.08
최윤석,FALSE,TRUE,Y,2016,한화,29,SS,11,17,16,2,2,0,0,0,2,0,0,0,1,0,0,4,0,0,0,0.125,0.177,0.125,0.302,0.155,-33.4,-0.21,5700,-3.2,0,0.4,-2.8,-3,0.2,-2.8,-5.8,-5.6,1,-4.6,11.28,-0.5,-0.21,-0.17,-0.16,-0.27,-0.42
최윤석,FALSE,TRUE,N,2017,한화,30,3B,21,33,32,3,7,0,0,0,7,2,0,0,0,0,0,6,0,1,0,0.219,0.219,0.219,0.438,0.197,-0.4,0.12,5200,-4.5,0,-0.2,-4.6,-0.8,0.3,-0.5,-5.4,-5.2,1.8,-3.3,10.73,-0.5,-0.28,-0.3,-0.27,-0.07,-0.34
최윤석,FALSE,TRUE,N,2018,한화,31,SS,2,2,0,1,0,0,0,0,0,0,0,0,2,0,0,0,0,0,0,,1,,,0.726,,0.03,4800,0,0,-0.1,-0.1,0,0,0,-0.1,-0.1,0.1,0.1,11.18,0,0.01,0,0,0,0
최윤석,TRUE,TRUE,N,2019,한화,32,SS,7,15,12,3,3,0,0,0,3,1,0,0,3,0,0,4,0,0,0,0.25,0.4,0.25,0.65,0.333,102.8,-0.05,,0.1,0,0.3,0.3,-1.4,0.2,-1.2,-1,-0.9,0.7,-0.1,9.88,-0.1,0.07,0.1,0.11,-0.14,-0.03
홍성갑,FALSE,TRUE,N,2014,넥센,22,,2,2,2,0,1,0,0,0,1,1,0,0,0,0,0,1,0,0,0,0.5,0.5,0.5,1,0.47,178.4,0,,0.2,0,0,0.2,0,0,0,0.2,0.2,0.1,0.3,11.41,0,0.03,0.03,0.03,0,0.03
홍성갑,FALSE,TRUE,N,2015,넥센,23,,7,10,9,0,3,0,0,0,3,2,0,0,1,0,0,4,0,0,0,0.333,0.4,0.333,0.733,0.354,104.7,-0.09,3200,0.1,0,-0.1,0,-0.5,-0.1,-0.7,-0.5,-0.7,0.5,-0.1,10.84,-0.1,0.05,0.04,0.03,-0.05,-0.02
홍성갑,FALSE,TRUE,N,2016,넥센,24,LF,44,68,62,4,14,0,1,0,16,7,1,0,1,5,0,18,2,0,0,0.226,0.294,0.258,0.552,0.271,39.8,-0.11,3200,-5.8,0.3,-0.3,-5.8,0.1,-0.6,-0.6,-5.7,-6.4,3.9,-2.5,11.17,-0.6,-0.24,-0.24,-0.29,0.01,-0.29
홍성갑,FALSE,TRUE,N,2017,넥센,25,,7,8,7,0,1,0,0,0,1,0,0,0,1,0,0,5,1,0,0,0.143,0.25,0.143,0.393,0.207,4.7,-0.2,3600,-1,0,0,-1.1,0.3,-0.1,0.2,-0.8,-0.9,0.4,-0.4,10.72,-0.1,-0.06,-0.07,-0.08,0.03,-0.05
홍성갑,TRUE,TRUE,N,2018,넥센,26,LF,6,8,8,1,0,0,0,0,0,0,0,0,0,0,0,3,1,0,0,0,0,0,0,0,-130.7,-0.35,3600,-2.6,0,0,-2.6,0.4,-0.1,0.3,-2.2,-2.3,0.5,-1.8,10.82,-0.2,-0.21,-0.21,-0.22,0.04,-0.18
홍재호,FALSE,TRUE,N,2010,KIA,23,3B,24,30,27,3,3,3,0,0,6,4,0,0,2,0,0,8,0,1,0,0.111,0.172,0.222,0.395,0.178,-9.5,,,-4.2,0,0,-4.2,0,0.1,0.1,-4.2,-4.1,1.6,-2.5,10.47,-0.4,-0.25,-0.25,-0.24,0,-0.24
홍재호,FALSE,TRUE,N,2011,KIA,24,3B,31,53,47,6,10,1,0,1,14,3,1,0,4,1,0,13,0,1,0,0.213,0.289,0.298,0.586,0.278,61,,2600,-2.4,0.2,0,-2.2,0,0.2,0.2,-2.2,-2,2.6,0.6,9.8,-0.2,0.02,0.04,0.06,0,0.06
홍재호,FALSE,TRUE,N,2012,KIA,25,SS,55,107,92,13,17,3,0,1,23,6,1,0,11,0,1,22,1,4,0,0.185,0.272,0.25,0.522,0.244,42.8,,3100,-6.6,0.1,-0.1,-6.5,0,1.2,1.2,-6.5,-5.3,4.9,-0.4,9.17,-0.6,-0.19,-0.18,-0.04,0,-0.04
홍재호,FALSE,TRUE,N,2013,KIA,26,SS,85,141,124,15,24,2,0,2,32,12,1,2,13,1,0,17,6,3,0,0.194,0.275,0.258,0.533,0.257,41.9,,3600,-9.8,-0.7,-0.4,-10.9,0,1.8,1.8,-10.9,-9.1,7,-2.1,9.97,-0.9,-0.27,-0.38,-0.21,0,-0.21
홍재호,FALSE,TRUE,N,2016,KIA,29,2B,22,16,13,4,1,0,0,0,1,1,0,0,2,0,0,3,0,0,1,0.077,0.188,0.077,0.264,0.152,-34.6,-0.05,3400,-3,0,-0.3,-3.4,1,0.1,1,-2.4,-2.3,0.9,-1.4,11.12,-0.2,-0.21,-0.23,-0.23,0.09,-0.14
홍재호,FALSE,TRUE,N,2017,KIA,30,2B,2,0,0,0,0,0,0,0,0,0,0,0,0,0,0,0,0,0,0,,,,,,,0,3700,0,0,0,0,0,0,0,0,0,0,0,10.87,0,0,0,0,0,0
홍재호,FALSE,TRUE,N,2018,KIA,31,2B,56,87,76,16,20,6,0,1,29,9,0,0,8,0,0,12,2,3,0,0.263,0.333,0.382,0.715,0.311,76.5,-0.57,3500,-2.9,0,-0.4,-3.3,-2.6,0.3,-2.3,-5.8,-5.5,4.9,-0.6,11.17,-0.5,0.1,0.07,0.1,-0.23,-0.13
홍재호,TRUE,TRUE,N,2019,KIA,32,2B,10,20,19,2,4,0,0,0,4,0,0,0,1,0,0,5,1,0,0,0.211,0.25,0.211,0.461,0.225,24.6,0.17,4000,-1.8,0,0.4,-1.4,-0.1,0.1,0,-1.5,-1.4,1,-0.4,9.6,-0.1,-0.1,-0.06,-0.05,-0.01,-0.06
황진수,FALSE,TRUE,N,2012,롯데,23,SS,28,20,18,2,2,1,0,0,3,0,2,0,1,0,0,9,1,1,0,0.111,0.158,0.167,0.325,0.151,-21.2,,2400,-2.6,0.4,0,-2.2,0,0.2,0.2,-2.2,-2,0.9,-1.1,9.17,-0.2,-0.19,-0.14,-0.12,0,-0.12
황진수,FALSE,TRUE,N,2013,롯데,24,SS,2,0,0,0,0,0,0,0,0,0,0,0,0,0,0,0,0,0,0,,,,,,,,2700,0,0,0,0,0,0,0,0,0,0,0,9.97,0,0,0,0,0,0
황진수,FALSE,TRUE,N,2014,롯데,25,SS,5,5,5,0,0,0,0,0,0,0,0,0,0,0,0,1,0,0,0,0,0,0,0,0,-134.8,-0.01,2500,-1.7,0,0,-1.7,0.1,0.1,0.2,-1.5,-1.5,0.3,-1.2,11.41,-0.1,-0.12,-0.12,-0.12,0.01,-0.1
황진수,FALSE,TRUE,N,2015,롯데,26,,2,2,2,0,0,0,0,0,0,0,0,0,0,0,0,0,0,0,0,0,0,0,0,0,-132.4,-0.01,2800,-0.6,0,0,-0.6,0.1,0,0.1,-0.5,-0.5,0.1,-0.4,10.5,0,-0.05,-0.05,-0.05,0.01,-0.04
황진수,FALSE,TRUE,N,2016,롯데,27,,11,10,10,2,0,0,0,0,0,0,0,1,0,0,0,5,0,0,0,0,0,0,0,0,-133.8,-0.33,2800,-3.3,-0.5,0.2,-3.6,-0.1,0,-0.1,-3.7,-3.7,0.6,-3.1,11.03,-0.3,-0.26,-0.28,-0.28,-0.01,-0.29
황진수,FALSE,TRUE,N,2017,롯데,28,3B,60,133,117,18,34,6,2,1,47,16,4,0,10,3,0,38,2,2,1,0.291,0.359,0.402,0.761,0.341,94.5,-0.5,2800,-1.1,0.9,1.1,0.9,2.3,0.2,2.4,3.2,3.3,7.3,10.7,10.85,0.3,0.45,0.64,0.65,0.21,0.86
황진수,FALSE,TRUE,N,2018,롯데,29,3B,18,26,24,6,4,1,0,1,8,1,1,0,2,0,0,5,0,0,0,0.167,0.231,0.333,0.564,0.246,30.9,-0.13,6200,-2.5,0.2,0.1,-2.3,-1,0.1,-1,-3.3,-3.2,1.5,-1.7,11.13,-0.3,-0.12,-0.09,-0.09,-0.09,-0.18
황진수,TRUE,TRUE,N,2019,롯데,30,3B,6,4,3,1,0,0,0,0,0,0,0,0,1,0,0,2,0,0,0,0,0.25,0,0.25,0.18,-3.5,0.03,4000,-0.5,0,0,-0.5,0.2,0,0.2,-0.3,-0.2,0.2,0,9.6,0,-0.03,-0.03,-0.03,0.02,-0.01
